"","lag.1","lag.2","lag.3","PE10.1","PE10.2","TARGET"
"1",0.00867516285262058,0.00399586868211297,0.0138487042816152,18.94,18.78,-0.0524981769869179
"2",-0.0524981769869179,0.00867516285262058,0.00399586868211297,18.4,18.94,-0.034277828842309
"3",-0.034277828842309,-0.0524981769869179,0.00867516285262058,17.99,18.4,-0.00402342048450679
"4",-0.00402342048450679,-0.034277828842309,-0.0524981769869179,17.69,17.99,0.00953610930112556
"5",0.00953610930112556,-0.00402342048450679,-0.034277828842309,18.07,17.69,-0.0278746363066868
"6",0.0315434105102358,-0.0278746363066868,0.00953610930112556,18.1,17.34,0.0712723413325603
"7",0.0712723413325603,0.0315434105102358,-0.0278746363066868,19.42,18.1,0.0544201753855678
"8",0.0544201753855678,0.0712723413325603,0.0315434105102358,20.74,19.42,0.0246729531897166
"9",0.0211175684735952,0.0246729531897166,0.0544201753855678,21.68,20.98,0.0312105764249534
"10",0.0312105764249534,0.0211175684735952,0.0246729531897166,22.35,21.68,0.0765312937538987
"11",0.0765312937538987,0.0312105764249534,0.0211175684735952,24.41,22.35,-0.0557047378996253
"12",0.0909338804124334,-0.0557047378996253,0.0765312937538987,25.24,23.06,-0.0734365483340208
"13",0.0097526270596112,-0.0734365483340208,0.0909338804124334,23.08,23.14,-0.00901096199554576
"14",-0.00901096199554576,0.0097526270596112,-0.0734365483340208,22.59,23.08,-0.0153371803847801
"15",-0.0153371803847801,-0.00901096199554576,0.0097526270596112,22.25,22.59,0.0172406702689348
"16",0.0172406702689348,-0.0153371803847801,-0.00901096199554576,22.38,22.25,-0.0202433643512702
"17",0.0171348050228391,-0.0202433643512702,0.0172406702689348,22.34,21.68,0.00456032320688458
"18",0.00456032320688458,0.0171348050228391,-0.0202433643512702,22.46,22.34,-0.0028031640792773
"19",-0.0028031640792773,0.00456032320688458,0.0171348050228391,22.41,22.46,0.0295528750490975
"20",0.0295528750490975,-0.0028031640792773,0.00456032320688458,22.82,22.41,-0.00638469667018651
"21",-0.00995112011778234,-0.00638469667018651,0.0295528750490975,21.96,22.43,0.0183173087900986
"22",0.0183173087900986,-0.00995112011778234,-0.00638469667018651,22.39,21.96,0.0223693908719001
"23",0.0223693908719001,0.0183173087900986,-0.00995112011778234,23.17,22.39,-0.00176097608053762
"24",-0.00176097608053762,0.0223693908719001,0.0183173087900986,22.86,23.17,-0.0361731468946561
"25",-0.0361731468946561,-0.00176097608053762,0.0223693908719001,20.6,22.86,-0.0432908091728152
"26",-0.0432908091728152,-0.0361731468946561,-0.00176097608053762,20.41,20.6,-0.0273516729754148
"27",-0.0273516729754148,-0.0432908091728152,-0.0361731468946561,19.63,20.41,0.045653661703153
"28",0.045653661703153,-0.0273516729754148,-0.0432908091728152,20.32,19.63,-0.00995112011778234
"29",-0.00995112011778234,0.045653661703153,-0.0273516729754148,20.11,20.32,-0.0440530219363592
"30",-0.0440530219363592,-0.00995112011778234,0.045653661703153,19.88,20.11,-0.0457224496522554
"31",-0.0457224496522554,-0.0440530219363592,-0.00995112011778234,18.98,19.88,-0.0235680165574771
"32",-0.0608722847166591,-0.0235680165574771,-0.0457224496522554,17.82,18.95,-0.0510741512705059
"33",-0.0510741512705059,-0.0608722847166591,-0.0235680165574771,16.92,17.82,-0.0366672685608695
"34",-0.0366672685608695,-0.0510741512705059,-0.0608722847166591,16.3,16.92,-0.0284521161694688
"35",-0.0284521161694688,-0.0366672685608695,-0.0510741512705059,15.65,16.3,-0.0370193438853087
"36",-0.0370193438853087,-0.0284521161694688,-0.0366672685608695,15.25,15.65,-0.000833625116406634
"37",-0.000833625116406634,-0.0370193438853087,-0.0284521161694688,15.41,15.25,0.041120431531905
"38",0.041120431531905,-0.000833625116406634,-0.0370193438853087,16.04,15.41,0.0125807345675283
"39",0.0125807345675283,0.041120431531905,-0.000833625116406634,15.86,16.04,-0.0313392311314697
"40",-0.0313392311314697,0.0125807345675283,0.041120431531905,15.02,15.86,-0.00710508702191484
"41",-0.00710508702191484,-0.0313392311314697,0.0125807345675283,15.08,15.02,0.0203680326396523
"42",-0.0253332070712579,0.0203680326396523,-0.00710508702191484,15.53,15.57,-0.0024861411656202
"43",0.0366142252473195,-0.0024861411656202,-0.0253332070712579,16.04,15.47,0.0293371786096877
"44",0.0293371786096877,0.0366142252473195,-0.0024861411656202,16.3,16.04,0.0392492064422146
"45",0.0530590949075286,0.0392492064422146,0.0293371786096877,17.63,16.74,0.048752645022149
"46",0.048752645022149,0.0530590949075286,0.0392492064422146,18.08,17.63,0.00572087099017136
"47",0.00572087099017136,0.048752645022149,0.0530590949075286,18.16,18.08,0.0175601511826678
"48",0.0175601511826678,0.00572087099017136,0.048752645022149,18.46,18.16,0.0389315289858901
"49",0.023989615743167,0.0389315289858901,0.0175601511826678,19.83,19.17,-0.0162525890109188
"50",0.0268891725775192,0.00767261927868432,-0.0544928461736588,19.21,18.74,0.0325052672489999
"51",-0.000767856024740521,0.0325052672489999,0.0268891725775192,19.74,19.57,0.00996282149023306
"52",0.00996282149023306,-0.000767856024740521,0.0325052672489999,19.9,19.74,-0.00937961968503167
"53",0.0203809736867125,-0.00937961968503167,0.00996282149023306,19.58,19.44,0.0299829475006882
"54",-0.0288180790977232,-0.0111408882533705,0.0299829475006882,19.26,19.87,-0.0177150509024505
"55",-0.0177150509024505,-0.0288180790977232,-0.0111408882533705,18.88,19.26,-0.0308923124974742
"56",-0.0308923124974742,-0.0177150509024505,-0.0288180790977232,18.05,18.88,0.0089637750423047
"57",-0.0301687005888293,0.0089637750423047,-0.0308923124974742,18.2,18.17,0.0673213556585189
"58",0.0263432852914237,0.0673213556585189,-0.0301687005888293,19.2,18.97,-0.0343901262604373
"59",-0.0343901262604373,0.0263432852914237,0.0673213556585189,18.1,19.2,0.0163231613746607
"60",-0.013128187477426,0.0163231613746607,-0.0343901262604373,17.66,18.14,-0.0328914044853587
"61",-0.0328914044853587,-0.013128187477426,0.0163231613746607,17.22,17.66,-0.0359070988897287
"62",-0.0359070988897287,-0.0328914044853587,-0.013128187477426,16.22,17.22,-0.107465930279831
"63",-0.107465930279831,-0.0359070988897287,-0.0328914044853587,14.69,16.22,0.000755561131844029
"64",0.000755561131844029,-0.107465930279831,-0.0359070988897287,14.67,14.69,-0.0391998792852285
"65",-0.0391998792852285,0.000755561131844029,-0.107465930279831,13.79,14.67,-0.0366486478005838
"66",-0.0366486478005838,-0.0391998792852285,0.000755561131844029,13.14,13.79,0.033527925167626
"67",-0.0147044299048406,-0.0819185586871537,0.033527925167626,12.33,12.51,-0.119125489387633
"68",-0.119125489387633,-0.0147044299048406,-0.0819185586871537,10.83,12.33,-0.064553920224539
"69",0.0459089482637022,-0.064553920224539,-0.119125489387633,11.33,10.59,0.0377113992931078
"70",0.0377113992931078,0.0459089482637022,-0.064553920224539,11.9,11.33,-0.0412024237262608
"71",-0.0412024237262608,0.0377113992931078,0.0459089482637022,11.55,11.9,0.0360710367173714
"72",0.0360710367173714,-0.0412024237262608,0.0377113992931078,11.98,11.55,0.0484336796788603
"73",0.0484336796788603,0.0360710367173714,-0.0412024237262608,12.45,11.98,0.0484432184142337
"74",0.0484432184142337,0.0484336796788603,0.0360710367173714,13.08,12.45,-0.00271366260244346
"75",0.031970182163399,-0.00271366260244346,0.0484432184142337,13.35,13.05,0.0380099612220453
"76",0.0380099612220453,0.031970182163399,-0.00271366260244346,13.88,13.35,-0.0149790991454823
"77",-0.0149790991454823,0.0380099612220453,0.031970182163399,13.7,13.88,0.00814217967918172
"78",0.00814217967918172,-0.0149790991454823,0.0380099612220453,13.69,13.7,0.0614970850957622
"79",0.0614970850957622,0.00814217967918172,-0.0149790991454823,14.44,13.69,0.0183739323285185
"80",-0.0331408190552337,-0.000706667858512944,0.0183739323285185,14.17,14.76,0.00952080462325009
"81",0.00952080462325009,-0.0331408190552337,-0.000706667858512944,14.34,14.17,0.0398432616210754
"82",0.0398432616210754,0.00952080462325009,-0.0331408190552337,14.65,14.34,0.0286971766280276
"83",0.0286971766280276,0.0398432616210754,0.00952080462325009,14.95,14.65,0.0134757393819852
"84",0.0101612145074493,0.0134757393819852,0.0286971766280276,15.23,15.04,0.0198345699693872
"85",0.0198345699693872,0.0101612145074493,0.0134757393819852,15.42,15.23,-0.00304158437225013
"86",-0.000105687755604844,-0.00304158437225013,0.0198345699693872,14.99,15.25,-0.0089229893256654
"87",-0.0089229893256654,-0.000105687755604844,-0.00304158437225013,14.75,14.99,0.00769546362870663
"88",0.00769546362870663,-0.0089229893256654,-0.000105687755604844,14.75,14.75,-0.0256140530768744
"89",-0.0256140530768744,0.00769546362870663,-0.0089229893256654,14.55,14.75,-0.0403910646553815
"90",-0.0403910646553815,-0.0256140530768744,0.00769546362870663,14,14.55,0.0203680326396523
"91",0.0203680326396523,-0.0403910646553815,-0.0256140530768744,14.05,14,-0.0284148736086659
"92",-0.0533367340250125,-0.0206213118935445,-0.0284148736086659,13.02,13.57,-0.0558952511913468
"93",-0.0558952511913468,-0.0533367340250125,-0.0206213118935445,12.34,13.02,0.0199914557193669
"94",0.0199914557193669,-0.0558952511913468,-0.0533367340250125,12.75,12.34,0.00273336197837324
"95",0.00273336197837324,0.0199914557193669,-0.0558952511913468,12.94,12.75,0.0409649667302753
"96",-0.00509695789303102,0.0409649667302753,0.00273336197837324,14.16,13.92,-0.0323477540616478
"97",-0.0323477540616478,-0.00509695789303102,0.0409649667302753,13.74,14.16,0.0199952013814221
"98",0.0199952013814221,-0.0323477540616478,-0.00509695789303102,14.05,13.74,0.0130892965830959
"99",0.0130892965830959,0.0199952013814221,-0.0323477540616478,14.72,14.05,-0.015756888432373
"100",-0.015756888432373,0.0130892965830959,0.0199952013814221,14.37,14.72,-0.0083245023838975
"101",0.0172993489843144,-0.0083245023838975,-0.015756888432373,15.05,14.75,0.0158205727137656
"102",0.0158205727137656,0.0172993489843144,-0.0083245023838975,15.33,15.05,-0.0081685041396752
"103",-0.0081685041396752,0.0158205727137656,0.0172993489843144,15.08,15.33,-0.0529693600261679
"104",-0.0529693600261679,-0.0081685041396752,0.0158205727137656,13.9,15.08,-0.0600919159604295
"105",-0.0600919159604295,-0.0529693600261679,-0.0081685041396752,13,13.9,0.00172702664393096
"106",0.00172702664393096,-0.0600919159604295,-0.0529693600261679,13.07,13,0.0353296057216502
"107",0.0353296057216502,0.00172702664393096,-0.0600919159604295,13.73,13.07,0.000377026660314783
"108",-0.00292632767013359,0.000377026660314783,0.0353296057216502,13.79,13.93,-0.0128340501666616
"109",-0.0128340501666616,-0.00292632767013359,0.000377026660314783,13.53,13.79,0.0243318052706184
"110",0.0243318052706184,-0.0128340501666616,-0.00292632767013359,13.64,13.53,0.0266830682516296
"111",0.0266830682516296,0.0243318052706184,-0.0128340501666616,13.65,13.64,-0.00506671739708455
"112",-0.00506671739708455,0.0266830682516296,0.0243318052706184,13.65,13.65,-0.00402342048450679
"113",-0.00402342048450679,-0.00506671739708455,0.0266830682516296,13.79,13.65,-0.00298012357192903
"114",-0.00298012357192903,-0.00402342048450679,-0.00506671739708455,13.8,13.79,0.0186579641974181
"115",0.0186579641974181,-0.00298012357192903,-0.00402342048450679,13.98,13.8,0.00106047455276546
"116",0.00106047455276546,0.0186579641974181,-0.00298012357192903,13.93,13.98,-0.00605387803488879
"117",-0.00605387803488879,0.00106047455276546,0.0186579641974181,13.91,13.93,-0.0152652353507551
"118",-0.0406575536642872,-0.0152652353507551,-0.00605387803488879,13.39,13.75,-0.0125887833434296
"119",-0.0125887833434296,-0.0406575536642872,-0.0152652353507551,13.15,13.39,-0.0401521445730125
"120",-0.0401521445730125,-0.0125887833434296,-0.0406575536642872,12.68,13.15,-0.0231573750710504
"121",-0.0231573750710504,-0.0401521445730125,-0.0125887833434296,12.44,12.68,-0.00516043027158233
"122",-0.00516043027158233,-0.0231573750710504,-0.0401521445730125,12.43,12.44,-0.0317068492329232
"123",-0.0556245492595892,-0.0317068492329232,-0.00516043027158233,11.49,12.22,0.00943244003088504
"124",0.00943244003088504,-0.0556245492595892,-0.0317068492329232,11.53,11.49,0.022357006195597
"125",0.022357006195597,0.00943244003088504,-0.0556245492595892,11.85,11.53,0.00539949964999851
"126",-0.0297759165869213,-0.0361881944552075,0.00539949964999851,11.07,11.47,-0.00526642872410434
"127",-0.00526642872410434,-0.0297759165869213,-0.0361881944552075,11.17,11.07,0.0362013808260025
"128",0.0362013808260025,-0.00526642872410434,-0.0297759165869213,11.64,11.17,0.00903314481792092
"129",0.00903314481792092,0.0362013808260025,-0.00526642872410434,11.91,11.64,-0.0230716154552012
"130",-0.0283555211440375,-0.0230716154552012,0.00903314481792092,11.52,11.69,0.00211533421381791
"131",0.00211533421381791,-0.0283555211440375,-0.0230716154552012,11.48,11.52,-0.00893140579669884
"132",-0.00893140579669884,0.00211533421381791,-0.0283555211440375,11.43,11.48,-0.0609647968846451
"133",-0.0609647968846451,-0.00893140579669884,0.00211533421381791,10.69,11.43,-0.00402342048450679
"134",-0.00402342048450679,-0.00402342048450679,-0.0609647968846451,10.5,10.49,-0.00402342048450679
"135",-0.00402342048450679,-0.00402342048450679,-0.00402342048450679,10.61,10.5,-0.00402342048450679
"136",-0.00402342048450679,-0.00402342048450679,-0.00402342048450679,10.52,10.61,-0.0479426544193426
"137",-0.0479426544193426,-0.00402342048450679,-0.00402342048450679,10.17,10.52,0.0135090582771339
"138",0.0135090582771339,-0.0479426544193426,-0.00402342048450679,10.36,10.17,-0.0174825738585115
"139",-0.0174825738585115,0.0135090582771339,-0.0479426544193426,10.33,10.36,0.0213960083524697
"140",0.0213960083524697,-0.0174825738585115,0.0135090582771339,10.71,10.33,0.0685736920805847
"141",0.0685736920805847,0.0213960083524697,-0.0174825738585115,11.4,10.71,-0.0276416718327152
"142",-0.0276416718327152,0.0685736920805847,0.0213960083524697,11.03,11.4,0.00723373404012726
"143",0.00723373404012726,-0.0276416718327152,0.0685736920805847,11.15,11.03,-0.00776174259511366
"144",-0.00776174259511366,0.00723373404012726,-0.0276416718327152,11.11,11.15,0.0375473572979895
"145",0.0375473572979895,-0.00776174259511366,0.00723373404012726,11.58,11.11,0.0324297632270728
"146",0.0324297632270728,0.0375473572979895,-0.00776174259511366,12.01,11.58,0.0499222424072082
"147",0.0499222424072082,0.0324297632270728,0.0375473572979895,12.55,12.01,0.0303885771132216
"148",0.0303885771132216,0.0499222424072082,0.0324297632270728,12.86,12.55,-0.00191148728136339
"149",-0.00191148728136339,0.0303885771132216,0.0499222424072082,12.88,12.86,-0.0199727218921847
"150",-0.0180549512887648,-0.0199727218921847,-0.00191148728136339,12.35,12.54,-0.00728961827112808
"151",-0.00728961827112808,-0.0180549512887648,-0.0199727218921847,12.18,12.35,-0.0149884426258348
"152",0.0177876949662116,-0.0149884426258348,-0.00728961827112808,12.03,11.91,0.00563849042723028
"153",0.00563849042723028,0.0177876949662116,-0.0149884426258348,12,12.03,-0.0180096624592466
"154",-0.0180096624592466,0.00563849042723028,0.0177876949662116,11.79,12,0.00353193115994275
"155",0.00353193115994275,-0.0180096624592466,0.00563849042723028,11.73,11.79,0.0360240806447686
"156",0.0360240806447686,0.00353193115994275,-0.0180096624592466,11.94,11.73,0.0264977685503803
"157",0.0264977685503803,0.0360240806447686,0.00353193115994275,12.05,11.94,0.0187611213686948
"158",-0.0450086669845548,0.0187611213686948,0.0264977685503803,11.41,12.05,-0.0277726006961702
"159",-0.0277726006961702,-0.0450086669845548,0.0187611213686948,10.99,11.41,-0.0621042585204758
"160",-0.0621042585204758,-0.0277726006961702,-0.0450086669845548,10.06,10.99,0.026513303375575
"161",-0.0191752255051093,0.026513303375575,-0.0621042585204758,9.64,10.33,-0.0384139421358904
"162",0.0160889893025887,-0.0384139421358904,-0.0191752255051093,9.15,9.14,-0.0320678831915066
"163",-0.0320678831915066,0.0160889893025887,-0.0384139421358904,9,9.15,-0.0340487706780047
"164",-0.0340487706780047,-0.0320678831915066,0.0160889893025887,8.57,9,-0.0532826278145077
"165",-0.0532826278145077,-0.0340487706780047,-0.0320678831915066,7.95,8.57,-0.0597340274985124
"166",0.0260334869483033,0.0545229186302899,-0.0387089784723968,6.78,6.64,-0.02441841700558
"167",-0.02441841700558,0.0260334869483033,0.0545229186302899,6.69,6.78,-0.0136853313962436
"168",-0.0136853313962436,-0.02441841700558,0.0260334869483033,6.52,6.69,0.0273784770636361
"169",0.0273784770636361,-0.0136853313962436,-0.02441841700558,6.58,6.52,-0.00268023693803912
"170",0.00525431339373004,0.00399801290006838,-0.00268023693803912,6.3,6.37,-0.00931443811892221
"171",0.021103529592915,0.0375410039367435,-0.00931443811892221,6.33,6.29,-0.0240742175300678
"172",-0.010372648163166,-0.0240742175300678,0.021103529592915,6.1,6.13,-0.000209048409035706
"173",0.0286869458210216,0.0259788298192919,-0.000209048409035706,6.46,6.36,0.0628217351070829
"174",0.0628217351070829,0.0286869458210216,0.0259788298192919,6.83,6.46,0.0223807537120041
"175",0.0223807537120041,0.0628217351070829,0.0286869458210216,7.02,6.83,0.0280306058055767
"176",0.0280306058055767,0.0223807537120041,0.0628217351070829,7.05,7.02,-0.0736925007203179
"177",0.0116368548142517,-0.0736925007203179,0.0280306058055767,6.56,6.48,0.0457704150932337
"178",-0.0340363913148981,0.0457704150932337,0.0116368548142517,6.47,6.79,-0.0338434102601845
"179",-0.0338434102601845,-0.0340363913148981,0.0457704150932337,6.16,6.47,-0.0141643524605558
"180",-0.0141643524605558,-0.0338434102601845,-0.0340363913148981,5.99,6.16,-0.0903143734219824
"181",0.0639813086295505,-0.0903143734219824,-0.0141643524605558,5.8,5.46,-0.0121300080174954
"182",-0.0121300080174954,0.0639813086295505,-0.0903143734219824,5.6,5.8,-0.0688720672254316
"183",-0.0215457711767092,-0.0688720672254316,-0.0121300080174954,5.04,5.19,-0.00528684453127895
"184",-0.0440029549717841,-0.00528684453127895,-0.0215457711767092,5.02,5.08,0.0308863946525198
"185",-0.00275357904403064,0.0308863946525198,-0.0440029549717841,5.35,5.3,-0.0561185323679089
"186",-0.0561185323679089,-0.00275357904403064,0.0308863946525198,5.13,5.35,-0.0978640923094717
"187",-0.0978640923094717,-0.0561185323679089,-0.00275357904403064,4.78,5.13,0.0390867031692218
"188",-0.0298498200444052,-0.0110806127945057,0.0390867031692218,5.19,5.27,0.00032756534981968
"189",0.025914667159799,0.00032756534981968,-0.0298498200444052,5.61,5.3,-0.0874660962612307
"190",-0.00708152684332766,-0.0874660962612307,0.025914667159799,5.2,5.22,-0.0163502329651654
"191",-0.0163502329651654,-0.00708152684332766,-0.0874660962612307,5.16,5.2,0.0204801025714071
"192",0.00950045204881875,0.0204801025714071,-0.0163502329651654,5.48,5.38,0.0483141046237233
"193",0.0328228529014597,0.0176576455768172,-0.00539234609184849,6.82,6.46,0.0549278153781941
"194",0.0549278153781941,0.0328228529014597,0.0176576455768172,7.27,6.82,0.0342130175547438
"195",-0.0134463406190121,0.0342130175547438,0.0549278153781941,7.56,7.59,0.0030520807316937
"196",0.0328896515460793,0.0030520807316937,-0.0134463406190121,8.02,7.6,0.0216906849545123
"197",0.0216906849545123,0.0328896515460793,0.0030520807316937,8.27,8.02,0.0178115081186935
"198",0.0178115081186935,0.0216906849545123,0.0328896515460793,8.43,8.27,-0.054975747658434
"199",-0.00629873432164265,-0.054975747658434,0.0178115081186935,7.96,8,0.0095514486065623
"200",0.0095514486065623,-0.00629873432164265,-0.054975747658434,8.15,7.96,0.0377868495755084
"201",0.0377868495755084,0.0095514486065623,-0.00629873432164265,8.53,8.15,0.0120111293627501
"202",0.0120111293627501,0.0377868495755084,0.0095514486065623,8.7,8.53,-0.0396451036070688
"203",-0.0396451036070688,0.0120111293627501,0.0377868495755084,8.37,8.7,-0.0524290432148605
"204",-0.0524290432148605,-0.0396451036070688,0.0120111293627501,8,8.37,-0.0428289949063018
"205",-0.0428289949063018,-0.0524290432148605,-0.0396451036070688,7.67,8,-0.0381730803366253
"206",-0.0381730803366253,-0.0428289949063018,-0.0524290432148605,7.35,7.67,0.000927084675349387
"207",0.000927084675349387,-0.0381730803366253,-0.0428289949063018,7.44,7.35,0.00213044508987146
"208",0.00213044508987146,0.000927084675349387,-0.0381730803366253,7.46,7.44,-0.018856819778608
"209",-0.018856819778608,0.00213044508987146,0.000927084675349387,7.32,7.46,0.0254265605924227
"210",0.0254265605924227,-0.018856819778608,0.00213044508987146,7.55,7.32,0.0292733534285624
"211",0.0292733534285624,0.0254265605924227,-0.018856819778608,7.81,7.55,0.028200311182693
"212",0.028200311182693,0.0292733534285624,0.0254265605924227,8.07,7.81,0.000496361221112273
"213",-0.0233751911454569,0.000496361221112273,0.028200311182693,8.06,8.16,-0.0272802826487738
"214",-0.00755907531681457,-0.0272802826487738,-0.0233751911454569,7.9,7.92,0.014690575946867
"215",0.014690575946867,-0.00755907531681457,-0.0272802826487738,8.05,7.9,0.0412844418490504
"216",-0.0170812774019637,-0.0137061212009239,0.0297304643273502,8.42,8.58,0.0503319935310703
"217",0.0503319935310703,-0.0170812774019637,-0.0137061212009239,8.89,8.42,0.048513913043375
"218",0.0364835637953106,0.048513913043375,0.0503319935310703,9.69,9.31,0.00444721839900195
"219",0.00444721839900195,0.0364835637953106,0.048513913043375,9.83,9.69,-0.0306156806870329
"220",-0.0306156806870329,0.00444721839900195,0.0364835637953106,9.52,9.83,-0.0146669655686237
"221",0.0275732721143656,-0.0146669655686237,-0.0306156806870329,9.73,9.48,0.0137257610197757
"222",0.0233755537036076,0.0137257610197757,0.0275732721143656,9.96,9.8,0.00939959984763403
"223",0.00939959984763403,0.0233755537036076,0.0137257610197757,10.11,9.96,0.0188246735988554
"224",0.0188246735988554,0.00939959984763403,0.0233755537036076,10.36,10.11,0.028458067484392
"225",0.028458067484392,0.0188246735988554,0.00939959984763403,10.72,10.36,0.0266207993208681
"226",0.0266207993208681,0.028458067484392,0.0188246735988554,10.89,10.72,0.0121581623667351
"227",0.0121581623667351,0.0266207993208681,0.028458067484392,11.15,10.89,0.0111102813297156
"228",0.0111102813297156,0.0121581623667351,0.0266207993208681,11.34,11.15,-0.00244364132498856
"229",-0.0743137846082837,-0.00244364132498856,0.0111102813297156,10.71,11.39,-0.0323636598023572
"230",-0.0323636598023572,-0.0743137846082837,-0.00244364132498856,10.4,10.71,0.00292105186830414
"231",0.00292105186830414,-0.0323636598023572,-0.0743137846082837,10.58,10.4,0.0424572738362628
"232",0.0424572738362628,0.00292105186830414,-0.0323636598023572,11.2,10.58,0.0372278790635595
"233",0.0372278790635595,0.0424572738362628,0.00292105186830414,11.87,11.2,0.0348315059183691
"234",0.0348315059183691,0.0372278790635595,0.0424572738362628,12.49,11.87,0.011105461111793
"235",0.011105461111793,0.0348315059183691,0.0372278790635595,12.69,12.49,-0.0268034488163264
"236",-0.0268034488163264,0.011105461111793,0.0348315059183691,12.43,12.69,0.00894890946429303
"237",0.00894890946429303,-0.0268034488163264,0.011105461111793,12.62,12.43,0.0184662830059344
"238",0.0184662830059344,0.00894890946429303,-0.0268034488163264,13.01,12.62,-0.0107173837473055
"239",-0.0107173837473055,0.0184662830059344,0.00894890946429303,13.19,13.01,0.0151937267012717
"240",0.0151937267012717,-0.0107173837473055,0.0184662830059344,13.63,13.19,0.0112329596995894
"241",0.0112329596995894,0.0151937267012717,-0.0107173837473055,14.03,13.63,0.0201942872977622
"242",0.0201942872977622,0.0112329596995894,0.0151937267012717,14.49,14.03,0.0298781311911745
"243",0.00881893242672014,0.0298781311911745,0.0201942872977622,15.12,15,0.0178970852531154
"244",0.0178970852531154,0.00881893242672014,0.0298781311911745,15.82,15.12,0.0478281937034152
"245",0.0478281937034152,0.0178970852531154,0.00881893242672014,16.86,15.82,0.05119230211794
"246",0.05119230211794,0.0478281937034152,0.0178970852531154,17.82,16.86,-0.0194907127778147
"247",-0.0194907127778147,0.05119230211794,0.0478281937034152,17.54,17.82,0.0185027246484256
"248",0.0185027246484256,-0.0194907127778147,0.05119230211794,18.13,17.54,0.0191525878634163
"249",0.0191525878634163,0.0185027246484256,-0.0194907127778147,18.65,18.13,-2.2271962819698e-05
"250",-2.2271962819698e-05,0.0191525878634163,0.0185027246484256,18.81,18.65,-0.0160752162833607
"251",-0.0160752162833607,-2.2271962819698e-05,0.0191525878634163,18.87,18.81,0.0482797564097047
"252",0.0482797564097047,-0.0160752162833607,-2.2271962819698e-05,19.94,18.87,0.0570845655562749
"253",0.0570845655562749,0.0482797564097047,-0.0160752162833607,21.26,19.94,0.0264357870002018
"254",0.0264357870002018,0.0570845655562749,0.0482797564097047,21.83,21.26,-0.0542646369212533
"255",-0.0542646369212533,0.0264357870002018,0.0570845655562749,20.91,21.83,0.00331029494096322
"256",0.00331029494096322,-0.0542646369212533,0.0264357870002018,21.08,20.91,0.027823133167345
"257",0.027823133167345,0.00331029494096322,-0.0542646369212533,21.76,21.08,0.0638903384677008
"258",0.0638903384677008,0.027823133167345,0.00331029494096322,23,21.76,0.0160848090588389
"259",0.0160848090588389,0.0638903384677008,0.027823133167345,23.58,23,0.0613827796662868
"260",0.0613827796662868,0.0160848090588389,0.0638903384677008,25.12,23.58,-0.000128154793176538
"261",0.067241885065815,-0.000128154793176538,0.0613827796662868,27.08,25.3,0.00119223827978896
"262",0.0134304141026607,0.00119223827978896,0.067241885065815,27.68,27.13,-0.00993943063987848
"263",-0.00993943063987848,0.0134304141026607,0.00119223827978896,27.57,27.68,0.010896369424327
"264",0.010896369424327,-0.00993943063987848,0.0134304141026607,27.7,27.57,0.0148924108389346
"265",0.0148924108389346,0.010896369424327,-0.00993943063987848,27.94,27.7,0.0813294755483361
"266",0.0512996647265483,0.0813294755483361,0.0148924108389346,31.48,29.93,0.0350695053067708
"267",0.0350695053067708,0.0512996647265483,0.0813294755483361,32.56,31.48,-0.115794214503252
"268",-0.115794214503252,0.0350695053067708,0.0512996647265483,28.96,32.56,-0.311550993605965
"269",-0.311550993605965,-0.115794214503252,0.0350695053067708,21.17,28.96,0.0350477711373954
"270",0.0350477711373954,-0.311550993605965,-0.115794214503252,22.01,21.17,0.0103586413778879
"271",0.0103586413778879,0.0350477711373954,-0.311550993605965,22.31,22.01,0.056736667810955
"272",0.056736667810955,0.0103586413778879,0.0350477711373954,23.7,22.31,0.0329942074596584
"273",0.0329942074596584,0.056736667810955,0.0103586413778879,24.59,23.7,0.0575344725149264
"274",-0.110591385320751,-0.0655813134839399,0.0575344725149264,21.87,24.31,-0.0256306490722608
"275",-0.0256306490722608,-0.110591385320751,-0.0655813134839399,21.55,21.87,-0.0169268253204148
"276",-0.0169268253204148,-0.0256306490722608,-0.110591385320751,21.3,21.55,-0.00450453668334685
"277",-0.00450453668334685,-0.0169268253204148,-0.0256306490722608,21.07,21.3,-0.152096998608804
"278",-0.152096998608804,-0.00450453668334685,-0.0169268253204148,18.21,21.07,-0.079334038603989
"279",-0.079334038603989,-0.152096998608804,-0.00450453668334685,16.94,18.21,-0.0731452327233616
"280",0.0258295426651745,-0.0731452327233616,-0.079334038603989,16.71,16.06,0.0695480229967718
"281",0.0695480229967718,0.0258295426651745,-0.0731452327233616,18.16,16.71,0.014980894629229
"282",0.014980894629229,0.0695480229967718,0.0258295426651745,18.58,18.16,-0.104136903210948
"283",-0.104136903210948,0.014980894629229,0.0695480229967718,16.87,18.58,-0.105468394851128
"284",-0.0366504279978471,-0.105468394851128,-0.104136903210948,15.06,15.4,0.0286035870288336
"285",0.0286035870288336,-0.0366504279978471,-0.105468394851128,15.52,15.06,-0.0344898221879414
"286",-0.0344898221879414,0.0286035870288336,-0.0366504279978471,15.01,15.52,-0.165273582630857
"287",0.00954267904221204,-0.147384392890385,-0.165273582630857,11.42,11.15,-0.211884916987777
"288",-0.211884916987777,0.00954267904221204,-0.147384392890385,9.31,11.42,-0.0207502142898201
"289",-0.0207502142898201,-0.211884916987777,0.00954267904221204,9.31,9.31,-0.0124929205980807
"290",-0.0124929205980807,-0.0207502142898201,-0.211884916987777,9.34,9.31,-0.000384847640598452
"291",-0.000384847640598452,-0.0124929205980807,-0.0207502142898201,9.41,9.34,-0.278078027537286
"292",-0.278078027537286,-0.000384847640598452,-0.0124929205980807,7.19,9.41,-0.134828777799791
"293",-0.134828777799791,-0.278078027537286,-0.000384847640598452,6.39,7.19,-0.14824173874908
"294",-0.14824173874908,-0.134828777799791,-0.278078027537286,5.57,6.39,0.0450661897120169
"295",0.0450661897120169,-0.14824173874908,-0.134828777799791,5.84,5.57,0.403435706230522
"296",0.403435706230522,0.0450661897120169,-0.14824173874908,8.83,5.84,0.0885061252365778
"297",-0.0139035290842139,-0.152540282593509,0.0885061252365778,8.46,8.48,-0.0371915654533134
"298",-0.0371915654533134,-0.0139035290842139,-0.152540282593509,8.26,8.46,0.0348024482041585
"299",0.0348024482041585,-0.0371915654533134,-0.0139035290842139,8.73,8.26,-0.130127297280233
"300",-0.130127297280233,0.0348024482041585,-0.0371915654533134,7.83,8.73,-0.00722855143345527
"301",-0.00722855143345527,-0.130127297280233,0.0348024482041585,7.87,7.83,0.0966713317416986
"302",0.0966713317416986,-0.00722855143345527,-0.130127297280233,8.72,7.87,0.248580290811414
"303",0.0737215431547092,0.154145588305141,0.248580290811414,13.75,13.1,-0.0551761239211967
"304",-0.0551761239211967,0.0737215431547092,0.154145588305141,13,13.75,-0.0124940593680155
"305",-0.106447692422021,-0.0124940593680155,-0.0551761239211967,11.7,12.92,0.0197749090695801
"306",0.0197749090695801,-0.106447692422021,-0.0124940593680155,12.01,11.7,0.0152176794425142
"307",0.0152176794425142,0.0197749090695801,-0.106447692422021,12.28,12.01,0.0515735386549624
"308",0.0515735386549624,0.0152176794425142,0.0197749090695801,13.03,12.28,0.0673701091773139
"309",0.0673701091773139,0.0515735386549624,0.0152176794425142,13.93,13.03,-0.056619404178825
"310",-0.056619404178825,0.0673701091773139,0.0515735386549624,13.25,13.93,0.0125974607515339
"311",-0.111217117223994,0.0125974607515339,-0.056619404178825,12.18,13.52,0.00914132660670406
"312",-0.0438779141596894,-0.0524615339550024,0.00914132660670406,11.32,11.74,-0.0284962770032323
"313",0.00382855479817854,-0.0284962770032323,-0.0438779141596894,11.11,10.91,0.0235265312837237
"314",0.0235265312837237,0.00382855479817854,-0.0284962770032323,11.45,11.11,0.00247714411858677
"315",0.00247714411858677,0.0235265312837237,0.00382855479817854,11.64,11.45,-0.00402342048450679
"316",-0.00402342048450679,0.00247714411858677,0.0235265312837237,11.5,11.64,-0.0347275868284868
"317",-0.0347275868284868,-0.00402342048450679,0.00247714411858677,11.09,11.5,-0.0696018288137585
"318",-0.0696018288137585,-0.0347275868284868,-0.00402342048450679,10.4,11.09,0.0682142799347219
"319",0.0682142799347219,-0.0696018288137585,-0.0347275868284868,11.1,10.4,0.0715846901211639
"320",0.0715846901211639,0.0682142799347219,-0.0696018288137585,11.99,11.1,0.0332229583650566
"321",0.0332229583650566,0.0715846901211639,0.0682142799347219,12.54,11.99,0.047022807811608
"322",0.047022807811608,0.0332229583650566,0.0715846901211639,13.2,12.54,0.0613949951225035
"323",0.0613949951225035,0.047022807811608,0.0332229583650566,14.11,13.2,0.0168650674628489
"324",0.0168650674628489,0.0613949951225035,0.047022807811608,14.42,14.11,0.0223274454428966
"325",0.0497208555221841,-0.00402342048450679,0.0857804743767963,17.09,16.16,0.0518017406277972
"326",0.0170586251876049,0.0518017406277972,0.0497208555221841,18.66,18.1,-0.00267843036917395
"327",-0.00267843036917395,0.0170586251876049,0.0518017406277972,18.72,18.66,-0.0585761239788639
"328",0.03767824379069,-0.0585761239788639,-0.00267843036917395,18.39,17.75,0.0535131080799532
"329",0.0535131080799532,0.03767824379069,-0.0585761239788639,19.36,18.39,0.015703595303565
"330",0.015703595303565,0.0535131080799532,0.03767824379069,19.62,19.36,0.00725489455320059
"331",0.00725489455320059,0.015703595303565,0.0535131080799532,19.86,19.62,0.0469894607591771
"332",0.0469894607591771,0.00725489455320059,0.015703595303565,20.91,19.86,0.0234235579279885
"333",0.026570596201427,-0.021455587653178,0.0234235579279885,21.62,21.13,0.0251102926613488
"334",0.0251102926613488,0.026570596201427,-0.021455587653178,22.24,21.62,-0.00512839297262504
"335",-0.0655813134839404,-0.00512839297262504,0.0251102926613488,20.56,22.04,-0.0497319181165307
"336",-0.0497319181165307,-0.0655813134839404,-0.00512839297262504,19.47,20.56,-0.042284594143088
"337",-0.042284594143088,-0.0497319181165307,-0.0655813134839404,18.71,19.47,0.0537386758367996
"338",0.0537386758367996,-0.042284594143088,-0.0497319181165307,19.65,18.71,0.00618381313835057
"339",0.00618381313835057,0.0537386758367996,-0.042284594143088,19.81,19.65,-0.156681785454902
"340",-0.161194197856444,-0.156681785454902,0.00618381313835057,14.36,16.85,-0.0960815649024544
"341",-0.0960815649024544,-0.161194197856444,-0.156681785454902,13.16,14.36,-0.020225395060787
"342",-0.020225395060787,-0.0960815649024544,-0.161194197856444,13.01,13.16,0.0219520659187539
"343",-0.0281856697635869,0.0219520659187539,-0.020225395060787,13.26,13.51,-0.072434163304587
"344",-0.0456135728787549,-0.072434163304587,-0.0281856697635869,11.79,12.38,0.00503552420424533
"345",0.0187611213686948,0.00503552420424533,-0.0456135728787549,12.29,11.99,0.177318224423099
"346",0.177318224423099,0.0187611213686948,0.00503552420424533,14.77,12.29,0.00167924262767514
"347",0.00167924262767514,0.177318224423099,0.0187611213686948,14.9,14.77,-0.0505821200907008
"348",0.10167746277361,-0.0505821200907008,0.00167924262767514,16.06,14.28,-0.00325801669666106
"349",-0.00325801669666106,0.10167746277361,-0.0505821200907008,16.15,16.06,-0.0335286663943414
"350",-0.0335286663943414,-0.00325801669666106,0.10167746277361,15.76,16.15,-0.0191090579025474
"351",-0.0191090579025474,-0.0335286663943414,-0.00325801669666106,15.6,15.76,-0.0120555921817712
"352",-0.0120555921817712,-0.0191090579025474,-0.0335286663943414,15.66,15.6,-0.00483019745444704
"353",-0.138593055112659,-0.00483019745444704,-0.0120555921817712,13.92,15.73,0.032245287252946
"354",0.032245287252946,-0.138593055112659,-0.00483019745444704,14.5,13.92,0.0136292885718606
"355",0.0136292885718606,0.032245287252946,-0.138593055112659,14.83,14.5,0.0201782793183996
"356",0.0201782793183996,0.0136292885718606,0.032245287252946,15.27,14.83,-0.0186473370141792
"357",-0.0186473370141792,0.0201782793183996,0.0136292885718606,15.12,15.27,0.0972559884799878
"358",0.0972559884799878,-0.0186473370141792,0.0201782793183996,16.45,15.12,0.00610522083867169
"359",0.00610522083867169,0.0972559884799878,-0.0186473370141792,16.82,16.45,-0.0220137375190856
"360",-0.0220137375190856,0.00610522083867169,0.0972559884799878,16.6,16.82,-0.0279862284131579
"361",-0.00969834451053133,-0.0279862284131579,-0.0220137375190856,16.38,16.28,-0.0105487291194296
"362",-0.0105487291194296,-0.00969834451053133,-0.0279862284131579,16.22,16.38,-0.00976820444139861
"363",0.00580466845175573,-0.00976820444139861,-0.0105487291194296,16.37,16.17,-0.152215252777173
"364",-0.152215252777173,0.00580466845175573,-0.00976820444139861,14.14,16.37,-0.0939605374494573
"365",-0.0939605374494573,-0.152215252777173,0.00580466845175573,12.84,14.14,0.0285328627107525
"366",0.0167797071452563,0.0285328627107525,-0.0939605374494573,13.65,13.37,0.0372690515791248
"367",0.0372690515791248,0.0167797071452563,0.0285328627107525,14.21,13.65,0.0053399438042435
"368",-0.0458705304200072,0.0190084589542706,0.0053399438042435,13.91,14.64,-0.00212588670831551
"369",-0.0686251347719614,-0.00212588670831551,-0.0458705304200072,13,13.9,0.00202498505137392
"370",0.00202498505137392,-0.0686251347719614,-0.00212588670831551,12.96,13,-0.035674863032554
"371",-0.0260484324615947,-0.035674863032554,0.00202498505137392,12.04,12.43,0.0303728832951281
"372",-0.00890862805055583,0.0459370188331155,0.0303728832951281,12.46,12.74,-0.00108943304971945
"373",-0.00108943304971945,-0.00890862805055583,0.0459370188331155,12.28,12.46,-0.0448861059367935
"374",-0.0448861059367935,-0.00108943304971945,-0.00890862805055583,11.58,12.28,-0.0519492583932512
"375",-0.0519492583932512,-0.0448861059367935,-0.00108943304971945,10.91,11.58,-0.0713406117865375
"376",-0.0713406117865375,-0.0519492583932512,-0.0448861059367935,10.09,10.91,0.015197069455601
"377",0.015197069455601,-0.0713406117865375,-0.0519492583932512,10.1,10.09,-0.0358804944291266
"378",-0.0358804944291266,0.015197069455601,-0.0713406117865375,9.68,10.1,-0.059890590813639
"379",-0.059890590813639,-0.0358804944291266,0.015197069455601,9,9.68,-0.0464767367368463
"380",-0.0464767367368463,-0.059890590813639,-0.0358804944291266,8.54,9,0.00739078079993369
"381",0.0451870000474877,0.00739078079993369,-0.0464767367368463,8.91,8.51,0.0325157061527062
"382",0.01194285801598,0.0671176795407345,0.0063993721915879,9.66,9.6,0.00124252112078036
"383",0.00124252112078036,0.01194285801598,0.0671176795407345,9.62,9.66,0.0541265650777368
"384",0.0541265650777368,0.00124252112078036,0.01194285801598,10.15,9.62,0.0537404701869294
"385",0.0537404701869294,0.0541265650777368,0.00124252112078036,10.71,10.15,0.0309066011990851
"386",0.0309066011990851,0.0537404701869294,0.0541265650777368,10.85,10.71,0.0288538187465993
"387",0.0345583042665317,0.0288538187465993,0.0309066011990851,11.36,11.04,0.0134843214154984
"388",0.0134843214154984,0.0345583042665317,0.0288538187465993,11.52,11.36,0.0164271899867839
"389",-0.0546776691585426,0.0164271899867839,0.0134843214154984,11.21,11.77,0.0170477341549656
"390",-0.0514256593790904,-0.0132400755894308,0.0170477341549656,10.63,11.19,0.00912889536699843
"391",0.00912889536699843,-0.0514256593790904,-0.0132400755894308,10.74,10.63,0.027698056205213
"392",0.027698056205213,0.00912889536699843,-0.0514256593790904,11.05,10.74,-0.0107973667934615
"393",-0.0107973667934615,0.027698056205213,0.00912889536699843,10.95,11.05,0.0236281108460031
"394",0.0236281108460031,-0.0107973667934615,0.027698056205213,11.22,10.95,-0.0215311623845119
"395",-0.0215311623845119,0.0236281108460031,-0.0107973667934615,10.94,11.22,0.0134843214154984
"396",0.0420081212458455,0.0134843214154984,-0.0215311623845119,11.53,11.1,0.0216889426439822
"397",0.0216889426439822,0.0420081212458455,0.0134843214154984,11.74,11.53,-0.0187466620374005
"398",-0.0187466620374005,0.0216889426439822,0.0420081212458455,11.54,11.74,-0.0205527224357177
"399",-0.0205527224357177,-0.0187466620374005,0.0216889426439822,11.33,11.54,0.0202819704166123
"400",0.0202819704166123,-0.0205527224357177,-0.0187466620374005,11.58,11.33,-0.011019173850534
"401",0.017582358230075,-0.011019173850534,0.0202819704166123,11.64,11.48,0.0253130195280519
"402",0.0253130195280519,0.017582358230075,-0.011019173850534,11.96,11.64,0.0287903146282066
"403",0.0287903146282066,0.0253130195280519,0.017582358230075,12.34,11.96,-0.00474103802517014
"404",-0.00474103802517014,0.0287903146282066,0.0253130195280519,12.32,12.34,0.020791748635217
"405",0.020791748635217,-0.00474103802517014,0.0287903146282066,12.63,12.32,0.0330942424719961
"406",0.0330942424719961,0.020791748635217,-0.00474103802517014,13.04,12.63,0.0140312324273096
"407",-0.0247807777442087,0.0140312324273096,0.0330942424719961,12.87,13.13,-0.000646179854721396
"408",-0.000646179854721396,-0.0247807777442087,0.0140312324273096,12.92,12.87,0.0618628097519319
"409",0.0367985740357485,0.0618628097519319,-0.000646179854721396,14.37,13.8,0.0281797200101278
"410",0.0281797200101278,0.0367985740357485,0.0618628097519319,14.85,14.37,0.0128521618418383
"411",0.0128521618418383,0.0281797200101278,0.0367985740357485,15.02,14.85,0.0350197279681704
"412",0.0350197279681704,0.0128521618418383,0.0281797200101278,15.62,15.02,-0.0012525680605612
"413",-0.0012525680605612,0.0350197279681704,0.0128521618418383,15.76,15.62,-0.034362826155501
"414",-0.034362826155501,-0.0012525680605612,0.0350197279681704,15.13,15.76,0.0584450760015481
"415",-0.00188209204316383,0.0584450760015481,-0.034362826155501,16.01,16.04,-0.0104612109593555
"416",-0.0329634690913089,-0.0104612109593555,-0.00188209204316383,14.51,15.77,-0.0236044656836135
"417",-0.0236044656836135,-0.0329634690913089,-0.0104612109593555,13.98,14.51,-0.163555787284533
"418",-0.0268126104784353,-0.163555787284533,-0.0236044656836135,11.39,11.84,-0.00809951308454995
"419",-0.00809951308454995,-0.0268126104784353,-0.163555787284533,11.11,11.39,0.0254891171299719
"420",0.0254891171299719,-0.00809951308454995,-0.0268126104784353,11.37,11.11,0.00125015798643044
"421",0.00125015798643044,0.0254891171299719,-0.00809951308454995,11.47,11.37,0.0340334132772125
"422",0.0340334132772125,0.00125015798643044,0.0254891171299719,11.95,11.47,-0.045372980303202
"423",-0.045372980303202,0.0340334132772125,0.00125015798643044,11.29,11.95,-0.0416622719844416
"424",0.0302499820832534,-0.0219921140273235,-0.0416622719844416,11.08,10.73,0.056759742751206
"425",0.056759742751206,0.0302499820832534,-0.0219921140273235,11.7,11.08,-0.023876778300178
"426",-0.0302372412720352,-0.023876778300178,0.056759742751206,10.83,11.34,0.0215433604875003
"427",-0.0174194680995491,-0.0198653359501647,-0.0157423045977202,10.42,10.68,-0.0545007792502251
"428",-0.0545007792502251,-0.0174194680995491,-0.0198653359501647,10,10.42,0.0100613193972322
"429",0.0100613193972322,-0.0545007792502251,-0.0174194680995491,10.19,10,0.0700845516692153
"430",0.0700845516692153,0.0100613193972322,-0.0545007792502251,10.78,10.19,0.0435291197645752
"431",0.0366251843916295,0.0435291197645752,0.0700845516692153,11.58,11.24,-0.0280919710050264
"432",-0.0280919710050264,0.0366251843916295,0.0435291197645752,11.13,11.58,-0.0336918511467203
"433",-0.0336918511467203,-0.0280919710050264,0.0366251843916295,10.72,11.13,-0.0153800094168427
"434",-0.0153800094168427,-0.0336918511467203,-0.0280919710050264,10.55,10.72,0.0228952627753044
"435",0.0228952627753044,-0.0153800094168427,-0.0336918511467203,10.83,10.55,-0.06121816823308
"436",-0.06121816823308,0.0228952627753044,-0.0153800094168427,10.25,10.83,-0.0105851238177962
"437",-0.00536570256523641,0.00541061174885202,-0.0431920516607444,9.78,9.9,-0.0114383516603688
"438",-0.0114383516603688,-0.00536570256523641,0.00541061174885202,9.69,9.78,-0.0603861627356918
"439",-0.0603861627356918,-0.0114383516603688,-0.00536570256523641,9.07,9.69,0.0509852254189492
"440",0.0509852254189492,-0.0603861627356918,-0.0114383516603688,9.61,9.07,0.0312547802841375
"441",0.0214719056353406,0.00897221400329959,0.0312547802841375,10.17,9.88,0.00972679615575176
"442",0.00972679615575176,0.0214719056353406,0.00897221400329959,10.22,10.17,0.0223180719221553
"443",0.0163243790877591,0.0223180719221553,0.00972679615575176,10.75,10.53,0.0153377005711302
"444",0.0153377005711302,0.0163243790877591,0.0223180719221553,10.91,10.75,0.00407847568491357
"445",0.00407847568491357,0.0153377005711302,0.0163243790877591,10.91,10.91,0.023827200274488
"446",0.023827200274488,0.00407847568491357,0.0153377005711302,11.18,10.91,0.029055670492078
"447",0.029055670492078,0.023827200274488,0.00407847568491357,11.46,11.18,0.0121146381973213
"448",0.030637473853902,0.0546362313599792,-0.0793635774575371,11.34,11.04,0.036546970059078
"449",0.036546970059078,0.030637473853902,0.0546362313599792,11.66,11.34,-0.00603853451652761
"450",-0.00603853451652761,0.036546970059078,0.030637473853902,11.54,11.66,-0.00806587166908059
"451",-0.00806587166908059,-0.00603853451652761,0.036546970059078,11.31,11.54,0.0672958567449538
"452",0.0672958567449538,-0.00806587166908059,-0.00603853451652761,11.9,11.31,0.0325462642972179
"453",0.0325462642972179,0.0672958567449538,-0.00806587166908059,12.14,11.9,-0.0209846338778553
"454",-0.0209846338778553,0.0325462642972179,0.0672958567449538,11.84,12.14,0.00929480163034055
"455",0.00929480163034055,-0.0209846338778553,0.0325462642972179,11.95,11.84,-0.0035673201345249
"456",-0.0215031663645465,-0.0035673201345249,0.00929480163034055,11.62,11.86,0.013456325395533
"457",0.013456325395533,-0.0215031663645465,-0.0035673201345249,11.78,11.62,0.038821151050172
"458",0.038821151050172,0.013456325395533,-0.0215031663645465,12.26,11.78,0.0214254405109134
"459",0.0214254405109134,0.038821151050172,0.013456325395533,12.44,12.26,-0.00914725748437641
"460",-0.00914725748437641,0.0214254405109134,0.038821151050172,12.31,12.44,-0.0322432223270658
"461",-0.0322432223270658,-0.00914725748437641,0.0214254405109134,11.85,12.31,0.0263345049008455
"462",0.0287526226346096,0.0263345049008455,-0.0322432223270658,12.53,12.15,-0.0223802146257922
"463",-0.0223802146257922,0.0287526226346096,0.0263345049008455,12.36,12.53,-0.00150029046638602
"464",-0.00150029046638602,-0.0223802146257922,0.0287526226346096,12.36,12.36,-0.00696769180175618
"465",-0.00696769180175618,-0.00150029046638602,-0.0223802146257922,12.24,12.36,-0.00444473921835655
"466",0.0242841712270879,0.0229996331209464,-0.00444473921835655,12.67,12.45,-4.41076330254479e-05
"467",-4.41076330254479e-05,0.0242841712270879,0.0229996331209464,12.68,12.67,-0.0200365728997117
"468",-0.0200365728997117,-4.41076330254479e-05,0.0242841712270879,12.43,12.68,-0.0252313931695988
"469",-0.0252313931695988,-0.0200365728997117,-4.41076330254479e-05,12.13,12.43,0.0272227814432716
"470",0.0272227814432716,-0.0252313931695988,-0.0200365728997117,12.47,12.13,0.0355352914121788
"471",0.0355352914121788,0.0272227814432716,-0.0252313931695988,12.93,12.47,0.00133852265687882
"472",0.00133852265687882,0.0355352914121788,0.0272227814432716,13.01,12.93,-0.0163218076225492
"473",-0.0163218076225492,0.00133852265687882,0.0355352914121788,12.86,13.01,0.000991054825180448
"474",0.000991054825180448,-0.0163218076225492,0.00133852265687882,12.83,12.86,-0.0545272491373868
"475",-0.0545272491373868,0.000991054825180448,-0.0163218076225492,12.16,12.83,0.00122381658025237
"476",0.00122381658025237,-0.0545272491373868,0.000991054825180448,12.14,12.16,-0.0405103536928605
"477",-0.0405103536928605,0.00122381658025237,-0.0545272491373868,11.62,12.14,0.0100729986726501
"478",8.50487292410659e-05,0.0100729986726501,-0.0405103536928605,11.72,11.75,-0.0510316553981353
"479",-0.0510316553981353,8.50487292410659e-05,0.0100729986726501,11.14,11.72,0.0256146506475857
"480",0.0256146506475857,-0.0510316553981353,8.50487292410659e-05,11.39,11.14,0.0178466486198819
"481",0.0178466486198819,0.0256146506475857,-0.0510316553981353,11.64,11.39,0.00935606148488697
"482",0.00935606148488697,0.0178466486198819,0.0256146506475857,11.75,11.64,0.0210325731246784
"483",0.0210325731246784,0.00935606148488697,0.0178466486198819,12,11.75,0.0177334594705921
"484",0.0177334594705921,0.0210325731246784,0.00935606148488697,12.22,12,0.0168938662028558
"485",0.0168938662028558,0.0177334594705921,0.0210325731246784,12.42,12.22,0.0350959586790963
"486",0.0350959586790963,0.0168938662028558,0.0177334594705921,12.91,12.42,0.0350163135713665
"487",0.0350163135713665,0.0350959586790963,0.0168938662028558,13.31,12.91,0.00395027404181079
"488",0.00395027404181079,0.0350163135713665,0.0350959586790963,13.36,13.31,0.0355823651401873
"489",0.0355823651401873,0.00395027404181079,0.0350163135713665,13.83,13.36,0.0156946025156764
"490",0.0156946025156764,0.0355823651401873,0.00395027404181079,14.04,13.83,0.0191361865195497
"491",0.0191361865195497,0.0156946025156764,0.0355823651401873,14.36,14.04,0.0189227379332807
"492",0.0189227379332807,0.0191361865195497,0.0156946025156764,14.62,14.36,0.0343842261677568
"493",0.0343842261677568,0.0189227379332807,0.0191361865195497,15.12,14.62,0.0407143423742769
"494",0.0407143423742769,0.0343842261677568,0.0189227379332807,15.79,15.12,0.0138316662981937
"495",0.0138316662981937,0.0407143423742769,0.0343842261677568,15.99,15.79,0.0288570107741913
"496",0.0288570107741913,0.0138316662981937,0.0407143423742769,16.44,15.99,-0.0119372290127439
"497",0.0299146602043471,-0.0119372290127439,0.0288570107741913,16.69,16.22,-0.00826971136595791
"498",-0.00826971136595791,0.0299146602043471,-0.0119372290127439,16.52,16.69,0.0523368025454706
"499",0.0523368025454706,-0.00826971136595791,0.0299146602043471,17.37,16.52,0.0665770068595376
"500",0.0400081244894253,-0.0101324620401439,0.0665770068595376,18.84,18.22,-0.0556253824988361
"501",-0.0556253824988361,0.0400081244894253,-0.0101324620401439,17.77,18.84,0.0612420982592866
"502",0.0612420982592866,-0.0556253824988361,0.0400081244894253,18.84,17.77,0.00527691227373603
"503",0.00527691227373603,0.0612420982592866,-0.0556253824988361,18.94,18.84,-0.0312815871104103
"504",0.00229856941334159,-0.0312815871104103,0.00527691227373603,18.27,18.29,0.0625808251287064
"505",0.0625808251287064,0.00229856941334159,-0.0312815871104103,19.37,18.27,0.00769955237076401
"506",0.00769955237076401,0.0625808251287064,0.00229856941334159,19.37,19.37,-0.0359533980266623
"507",-0.00984177543974409,-0.0359533980266623,0.00769955237076401,18.16,18.54,0.048803169384359
"508",0.048803169384359,-0.00984177543974409,-0.0359533980266623,18.86,18.16,-0.00998622215502012
"509",-0.00998622215502012,0.048803169384359,-0.00984177543974409,18.67,18.86,-0.038643472872251
"510",-0.0169157348499013,-0.038643472872251,-0.00998622215502012,17.42,17.84,-0.0144582977770863
"511",-0.0144582977770863,-0.0169157348499013,-0.038643472872251,17.12,17.42,0.0107273892736411
"512",0.0107273892736411,-0.0144582977770863,-0.0169157348499013,17.2,17.12,-0.0260118975428853
"513",-0.0260118975428853,0.0107273892736411,-0.0144582977770863,16.72,17.2,-0.0481250552551179
"514",0.00877675428245492,-0.0481250552551179,-0.0260118975428853,15.9,15.84,0.0188783438021774
"515",0.0123026073508595,0.0336593566171795,0.0188783438021774,16.73,16.6,0.0159647527812191
"516",0.0159647527812191,0.0123026073508595,0.0336593566171795,16.87,16.73,-0.0606363103351478
"517",-0.0606363103351478,0.0159647527812191,0.0123026073508595,15.87,16.87,-0.0454455077643762
"518",-0.0683497464623625,-0.0454455077643762,-0.0606363103351478,14.15,15.16,-0.0258406849173082
"519",-0.0258406849173082,-0.0683497464623625,-0.0454455077643762,13.74,14.15,-0.00451920631518767
"520",-0.00451920631518767,-0.0258406849173082,-0.0683497464623625,13.67,13.74,0.0153755917771258
"521",0.0163683140462237,-0.00062453398831055,0.0153755917771258,13.93,13.78,0.00142360304837616
"522",0.00142360304837616,0.0163683140462237,-0.00062453398831055,13.91,13.93,0.0275924159103186
"523",0.0275924159103186,0.00142360304837616,0.0163683140462237,14.32,13.91,0.0197199221348133
"524",0.0197199221348133,0.0275924159103186,0.00142360304837616,14.64,14.32,0.0230916541296643
"525",0.0327014580747532,0.0230916541296643,0.0197199221348133,15.54,14.96,0.0220488198252681
"526",0.0220488198252681,0.0327014580747532,0.0230916541296643,15.93,15.54,0.0358177009801564
"527",0.0358177009801564,0.0220488198252681,0.0327014580747532,16.56,15.93,0.0259449894443376
"528",0.0259449894443376,0.0358177009801564,0.0220488198252681,16.99,16.56,0.0146581304610739
"529",0.0146581304610739,0.0259449894443376,0.0358177009801564,17.36,16.99,0.035024707778153
"530",0.035024707778153,0.0146581304610739,0.0259449894443376,17.98,17.36,-0.019423670494695
"531",0.021038740437418,-0.019423670494695,0.035024707778153,18.2,17.76,0.0125759364599026
"532",0.0125759364599026,0.021038740437418,-0.019423670494695,18.43,18.2,0.0109255803060099
"533",-0.0126874843858448,0.0109255803060099,0.0125759364599026,18.45,18.69,0.034889338752314
"534",-0.00973100690387154,0.034889338752314,-0.0126874843858448,18.96,19.09,-0.0443895705450216
"535",-0.0443895705450216,-0.00973100690387154,0.034889338752314,18.12,18.96,-0.00490022895804101
"536",3.54810195366505e-06,-0.00490022895804101,-0.0443895705450216,18.07,18.02,0.0274522194102592
"537",0.0274522194102592,3.54810195366505e-06,-0.00490022895804101,18.62,18.07,-0.0216171785977667
"538",-0.043568156487681,-0.0216171785977667,0.0274522194102592,17.55,18.34,-0.0177420471874211
"539",0.00879842560051012,-0.0177420471874211,-0.043568156487681,17.43,17.29,-0.0132168155639433
"540",-0.0132168155639433,0.00879842560051012,-0.0177420471874211,17.26,17.43,0.0322536726834538
"541",0.0322536726834538,-0.0132168155639433,0.00879842560051012,17.82,17.26,-0.0291352617003592
"542",-0.0291352617003592,0.0322536726834538,-0.0132168155639433,17.38,17.82,0.00790373470312842
"543",0.00790373470312842,-0.0291352617003592,0.0322536726834538,17.58,17.38,-0.0345683750682334
"544",-0.0345683750682334,0.00790373470312842,-0.0291352617003592,17.05,17.58,-0.0239245748018021
"545",0.0278474088419062,-0.0239245748018021,-0.0345683750682334,17.15,16.61,0.019670571175456
"546",0.019670571175456,0.0278474088419062,-0.0239245748018021,17.56,17.15,0.0461072264593768
"547",0.0461072264593768,0.019670571175456,0.0278474088419062,18.47,17.56,0.0361821751257497
"548",0.0361821751257497,0.0461072264593768,0.019670571175456,19.23,18.47,0.0268603389755998
"549",0.0268603389755998,0.0361821751257497,0.0461072264593768,19.84,19.23,0.0222959132539265
"550",0.0222959132539265,0.0268603389755998,0.0361821751257497,20.38,19.84,0.00610286569751581
"551",0.00610286569751581,0.0222959132539265,0.0268603389755998,20.6,20.38,-0.0173448406133597
"552",-0.0173448406133597,0.00610286569751581,0.0222959132539265,20.33,20.6,-0.00677025572297021
"553",-0.00677025572297021,-0.0173448406133597,0.00610286569751581,20.15,20.33,0.0312575786638752
"554",0.0312575786638752,-0.00677025572297021,-0.0173448406133597,20.94,20.15,-0.0118724056152572
"555",-0.0118724056152572,0.0312575786638752,-0.00677025572297021,20.71,20.94,0.0069185783794766
"556",0.0402748776258371,0.0069185783794766,-0.0118724056152572,21.86,20.92,0.00521904833317874
"557",0.00521904833317874,0.0402748776258371,0.0069185783794766,22.04,21.86,-0.0419514094877619
"558",0.0124892671548978,-0.0419514094877619,0.00521904833317874,21.45,21.2,-0.00302705003697836
"559",-0.00302705003697836,0.0124892671548978,-0.0419514094877619,21.44,21.45,-0.0364102325748465
"560",-0.0812901659481441,-0.0364102325748465,-0.00302705003697836,19.09,20.66,-0.128276780031142
"561",0.0197787689205954,-0.128276780031142,-0.0812901659481441,17.14,16.83,0.0228203421751126
"562",0.0228203421751126,0.0197787689205954,-0.128276780031142,17.57,17.14,-0.0129489860900111
"563",-0.0129489860900111,0.0228203421751126,0.0197787689205954,17.32,17.57,-0.0360836244865847
"564",-0.0360836244865847,-0.0129489860900111,0.0228203421751126,16.74,17.32,0.0626047797364127
"565",0.0383696244327806,0.0626047797364127,-0.0360836244865847,18.59,17.85,0.0338824488781509
"566",0.0338824488781509,0.0383696244327806,0.0626047797364127,19.26,18.59,0.00910854407150383
"567",0.00910854407150383,0.0338824488781509,0.0383696244327806,19.47,19.26,-0.0078231058828421
"568",-0.0078231058828421,0.00910854407150383,0.0338824488781509,19.29,19.47,0.041956559827261
"569",0.0158476437128768,0.041956559827261,-0.0078231058828421,20.51,20.15,-0.00445122797766286
"570",-0.00445122797766286,0.0158476437128768,0.041956559827261,20.38,20.51,-0.0189683746025019
"571",-0.0189683746025019,-0.00445122797766286,0.0158476437128768,19.97,20.38,0.0232542436329624
"572",0.0232542436329624,-0.0189683746025019,-0.00445122797766286,20.47,19.97,0.0219809649383561
"573",0.0219809649383561,0.0232542436329624,-0.0189683746025019,20.96,20.47,-0.00155563749370193
"574",0.0170959692777704,-0.00965337013033532,-0.00155563749370193,21.04,20.72,0.026253756142098
"575",0.026253756142098,0.0170959692777704,-0.00965337013033532,21.63,21.04,0.00819722042278945
"576",0.00819722042278945,0.026253756142098,0.0170959692777704,21.83,21.63,0.0140320030969586
"577",0.0140320030969586,0.00819722042278945,0.026253756142098,22.17,21.83,0.0103399359348374
"578",0.0103399359348374,0.0140320030969586,0.00819722042278945,22.42,22.17,0.00568660227766946
"579",0.00568660227766946,0.0103399359348374,0.0140320030969586,22.57,22.42,-0.00998765287618033
"580",0.0324421394166078,-0.00998765287618033,0.00568660227766946,22.98,22.3,-0.0187918767750483
"581",-0.0187918767750483,0.0324421394166078,-0.00998765287618033,22.65,22.98,0.0130255385047598
"582",0.0130255385047598,-0.0187918767750483,0.0324421394166078,22.89,22.65,0.0130933649422086
"583",0.0130933649422086,0.0130255385047598,-0.0187918767750483,23.21,22.89,0.00290596304714272
"584",0.00290596304714272,0.0130933649422086,0.0130255385047598,23.23,23.21,-0.0214973007439595
"585",0.0213777570592236,-0.0214973007439595,0.00290596304714272,23.27,22.75,0.00326532584629922
"586",0.00326532584629922,0.0213777570592236,-0.0214973007439595,23.37,23.27,-0.00310165523892172
"587",-0.00310165523892172,0.00326532584629922,0.0213777570592236,23.25,23.37,0.00902024270752308
"588",0.00902024270752308,-0.00310165523892172,0.00326532584629922,23.42,23.25,0.0107582308839103
"589",-0.0526791850838152,0.0107582308839103,0.00902024270752308,22.39,23.71,-0.00555328250692702
"590",-0.00555328250692702,-0.0526791850838152,0.0107582308839103,22.3,22.39,0.014413507822642
"591",0.014413507822642,-0.00555328250692702,-0.0526791850838152,22.67,22.3,0.0288447227023775
"592",0.0288447227023775,0.014413507822642,-0.00555328250692702,23.37,22.67,0.0182156992942986
"593",0.0182156992942986,0.0288447227023775,0.014413507822642,23.78,23.37,0.00425820034721545
"594",-0.00859162507877533,0.00425820034721545,0.0182156992942986,23.69,23.93,0.0131615471471581
"595",0.0131615471471581,-0.00859162507877533,0.00425820034721545,24.06,23.69,-0.0107972757499945
"596",0.0261207058642033,-0.0459968670408734,-0.0107972757499945,23.11,22.61,-0.0580785117943873
"597",-0.0580785117943873,0.0261207058642033,-0.0459968670408734,21.85,23.11,-0.0123548734442575
"598",-0.0128010681674374,-0.0398722674268858,-0.0663897142357318,18.83,19.16,0.0448099598304835
"599",0.0448099598304835,-0.0128010681674374,-0.0398722674268858,19.71,18.83,0.000165841433278668
"600",0.000165841433278668,0.0448099598304835,-0.0128010681674374,19.74,19.71,0.0336212705906186
"601",0.0336212705906186,0.000165841433278668,0.0448099598304835,20.43,19.74,0.0298544482582789
"602",0.0298544482582789,0.0336212705906186,0.000165841433278668,21.07,20.43,0.0192834383247328
"603",0.0192834383247328,0.0298544482582789,0.0336212705906186,21.44,21.07,0.0130520581519394
"604",0.0130520581519394,0.0192834383247328,0.0298544482582789,21.69,21.44,0.0137378745331685
"605",-0.0166309127681278,0.0137378745331685,0.0130520581519394,21.55,21.95,0.0131099415935339
"606",0.0131099415935339,-0.0166309127681278,0.0137378745331685,21.8,21.55,0.0117635740556522
"607",0.0117635740556522,0.0131099415935339,-0.0166309127681278,22.03,21.8,0.00984963438374029
"608",-0.0055902458951377,0.00984963438374029,0.0117635740556522,22.07,22.22,-0.0358867787481553
"609",-0.0358867787481553,-0.0055902458951377,0.00984963438374029,21.26,22.07,0.0240695101871476
"610",0.0240695101871476,-0.0358867787481553,-0.0055902458951377,21.75,21.26,-0.00675537553032859
"611",-0.00675537553032859,0.0240695101871476,-0.0358867787481553,21.51,21.75,-0.0502128029538812
"612",-0.0502128029538812,-0.00675537553032859,0.0240695101871476,20.42,21.51,-0.0224847988969151
"613",-0.0224847988969151,-0.0502128029538812,-0.00675537553032859,19.93,20.42,0.067234254473017
"614",0.067234254473017,-0.0224847988969151,-0.0502128029538812,21.28,19.93,0.0187118772631455
"615",0.0187118772631455,0.067234254473017,-0.0224847988969151,21.63,21.28,0.0224942395768953
"616",-0.0260998172770969,-0.00601545301574715,0.0224942395768953,21.14,21.75,0.0279736925948307
"617",0.0112732448909672,0.0203561389926437,0.0279736925948307,22.2,22,0.00635892855771134
"618",-0.0471955923497162,0.00635892855771134,0.0112732448909672,21.19,22.28,-0.00893743528693571
"619",-0.00893743528693571,-0.0471955923497162,0.00635892855771134,20.9,21.19,-0.0259366479152216
"620",-0.0259366479152216,-0.00893743528693571,-0.0471955923497162,20.2,20.9,0.0159174197190036
"621",0.0159174197190036,-0.0259366479152216,-0.00893743528693571,20.43,20.2,0.0280337198916786
"622",0.0280337198916786,0.0159174197190036,-0.0259366479152216,20.97,20.43,-0.0576339795229019
"623",-0.0576339795229019,0.0280337198916786,0.0159174197190036,19.71,20.97,-0.0497368218389242
"624",-0.0497368218389242,-0.0576339795229019,0.0280337198916786,18.68,19.71,-0.00963516690710877
"625",-0.00963516690710877,-0.0497368218389242,-0.0576339795229019,18.43,18.68,-0.000525616292950471
"626",0.00660658015282065,-0.000525616292950471,-0.00963516690710877,18.45,18.4,0.0031742322443745
"627",0.0031742322443745,0.00660658015282065,-0.000525616292950471,18.44,18.45,-0.0584891551319132
"628",-0.0584891551319132,0.0031742322443745,0.00660658015282065,17.33,18.44,-0.0128427919475661
"629",-0.0395261066707952,-0.0128427919475661,-0.0584891551319132,16.37,17.09,0.0129271019592912
"630",0.0129271019592912,-0.0395261066707952,-0.0128427919475661,16.53,16.37,-0.0349537211758654
"631",-0.0349537211758654,0.0129271019592912,-0.0395261066707952,15.87,16.53,-0.126266649813251
"632",-0.126266649813251,-0.0349537211758654,0.0129271019592912,13.98,15.87,-0.0102219236805351
"633",-0.0102219236805351,-0.126266649813251,-0.0349537211758654,13.8,13.98,-0.00230509344747079
"634",0.0246169125086509,-0.00230509344747079,-0.0102219236805351,14.1,13.73,0.0540614406391581
"635",0.0174209472350847,0.0540614406391581,0.0246169125086509,15.06,14.84,-0.00509071972605382
"636",-0.00509071972605382,0.0174209472350847,0.0540614406391581,14.95,15.06,0.0621970622014692
"637",0.0334659865967525,0.0621970622014692,-0.00509071972605382,16.46,15.87,0.033966457418532
"638",0.033966457418532,0.0334659865967525,0.0621970622014692,17.03,16.46,0.0212943874997827
"639",0.0295434031545768,0.0212943874997827,0.033966457418532,17.92,17.4,-0.0177088735697612
"640",-0.0177088735697612,0.0295434031545768,0.0212943874997827,17.56,17.92,-0.0227006969735307
"641",-0.0227006969735307,-0.0177088735697612,0.0295434031545768,17.08,17.56,-0.0112698290052745
"642",-0.0112698290052745,-0.0227006969735307,-0.0177088735697612,16.89,17.08,-0.0219611211711745
"643",-0.0219611211711745,-0.0112698290052745,-0.0227006969735307,16.52,16.89,0.0179465437300995
"644",0.0179465437300995,-0.0219611211711745,-0.0112698290052745,16.86,16.52,-0.0254793251596989
"645",-0.0254793251596989,0.0179465437300995,-0.0219611211711745,16.43,16.86,-0.0514885301482452
"646",-0.0514885301482452,-0.0254793251596989,0.0179465437300995,15.64,16.43,0.0625810293899295
"647",0.0625810293899295,-0.0514885301482452,-0.0254793251596989,16.6,15.64,0.0367784064430517
"648",0.0142025036935101,0.0367784064430517,0.0625810293899295,17.46,17.26,0.0194628633742263
"649",0.0194628633742263,0.0142025036935101,0.0367784064430517,17.81,17.46,0.00613832977499316
"650",-0.0141851707440067,0.00613832977499316,0.0194628633742263,17.66,17.92,-0.00124177752262957
"651",-0.00124177752262957,-0.0141851707440067,0.00613832977499316,17.64,17.66,-0.0114583989720253
"652",0.0308105321911257,-0.0114583989720253,-0.00124177752262957,17.94,17.4,-0.0185427318089601
"653",-0.0185427318089601,0.0308105321911257,-0.0114583989720253,17.61,17.94,-0.00219693595847206
"654",-0.00219693595847206,-0.0185427318089601,0.0308105321911257,17.53,17.61,0.0449405207294148
"655",0.0449405207294148,-0.00219693595847206,-0.0185427318089601,18.34,17.53,0.0166135973718698
"656",0.0166135973718698,0.0449405207294148,-0.00219693595847206,18.65,18.34,0.00360696838118466
"657",0.00360696838118466,0.0166135973718698,0.0449405207294148,18.71,18.65,-0.0401408457125018
"658",-0.0401408457125018,0.00360696838118466,0.0166135973718698,17.89,18.71,-0.0199107802468256
"659",-0.0199107802468256,-0.0401408457125018,0.00360696838118466,17.41,17.89,-0.022883431684641
"660",-0.0325310981072623,-0.022883431684641,-0.0199107802468256,16.31,16.94,-0.0266658972342667
"661",-0.0266658972342667,-0.0325310981072623,-0.022883431684641,15.81,16.31,0.00547332705275059
"662",0.00547332705275059,-0.0266658972342667,-0.0325310981072623,15.89,15.81,-0.0231079691769177
"663",-0.0231079691769177,0.00547332705275059,-0.0266658972342667,15.28,15.89,0.0131689800558662
"664",0.0131689800558662,-0.0231079691769177,0.00547332705275059,15.48,15.28,0.0349787373187623
"665",0.0349787373187623,0.0131689800558662,-0.0231079691769177,15.91,15.48,-0.0777111362756661
"666",-0.0777111362756661,0.0349787373187623,0.0131689800558662,14.65,15.91,-0.0774378172293354
"667",-0.0774378172293354,-0.0777111362756661,0.0349787373187623,13.49,14.65,0.0099115318112438
"668",0.0377868495755084,-0.0320902554181276,0.0099115318112438,13.31,12.96,-0.0564841058860147
"669",-0.0346632740806293,-0.0564841058860147,0.0377868495755084,12,12.55,-0.00268607491574615
"670",-0.00268607491574615,-0.0346632740806293,-0.0564841058860147,11.89,12,-0.128132806921996
"671",-0.128132806921996,-0.00268607491574615,-0.0346632740806293,10.39,11.89,-0.0462596453393899
"672",-0.113880563930365,-0.0462596453393899,-0.128132806921996,8.68,9.82,0.0151687940731008
"673",0.0151687940731008,-0.113880563930365,-0.0462596453393899,8.74,8.68,0.0285619812675347
"674",-0.0713350424769973,0.0285619812675347,0.0151687940731008,8.29,8.95,0.0746535352107288
"675",0.0746535352107288,-0.0713350424769973,0.0285619812675347,8.92,8.29,0.0948386277829255
"676",0.0948386277829255,0.0746535352107288,-0.0713350424769973,9.76,8.92,0.0408950409600682
"677",0.0408950409600682,0.0948386277829255,0.0746535352107288,10.16,9.76,0.00713396528975538
"678",0.00713396528975538,0.0408950409600682,0.0948386277829255,10.23,10.16,0.0575450428366341
"679",0.0575450428366341,0.00713396528975538,0.0408950409600682,10.82,10.23,0.0211833935488396
"680",0.0211833935488396,0.0575450428366341,0.00713396528975538,11.01,10.82,-0.00304986856597624
"681",-0.00304986856597624,0.0211833935488396,0.0575450428366341,10.9,11.01,-0.0801544461398843
"682",-0.0801544461398843,-0.00304986856597624,0.0211833935488396,10.09,10.9,-0.0162315777411121
"683",-0.0162315777411121,-0.0801544461398843,-0.00304986856597624,9.92,10.09,0.0410084316827986
"684",-0.019350676964624,0.0127705254896534,0.0410084316827986,10.25,10.44,0.0839833271750417
"685",0.0839833271750417,-0.019350676964624,0.0127705254896534,11.19,10.25,0.0338622002060492
"686",0.0338622002060492,0.0839833271750417,-0.019350676964624,11.59,11.19,0.000934447876280142
"687",0.000934447876280142,0.0338622002060492,0.0839833271750417,11.63,11.59,0.00385839371774663
"688",0.00385839371774663,0.000934447876280142,0.0338622002060492,11.69,11.63,-0.0109166038598207
"689",-0.0109166038598207,0.00385839371774663,0.000934447876280142,11.53,11.69,0.00188792677854996
"690",0.00188792677854996,-0.0109166038598207,0.00385839371774663,11.54,11.53,0.0192786047183376
"691",0.0170501563060218,-0.0126981736781805,0.0192786047183376,11.81,11.6,-0.0387424331719489
"692",-0.0387424331719489,0.0170501563060218,-0.0126981736781805,11.35,11.81,-0.0109166038598207
"693",-0.0109166038598207,-0.0387424331719489,0.0170501563060218,11.25,11.35,0.0299769405386191
"694",0.0299769405386191,-0.0109166038598207,-0.0387424331719489,11.6,11.25,-0.01265656762921
"695",-0.01265656762921,0.0299769405386191,-0.0109166038598207,11.44,11.6,-0.031368874375035
"696",-0.031368874375035,-0.01265656762921,0.0299769405386191,11.01,11.44,-0.00799167966012773
"697",-0.00799167966012773,-0.031368874375035,-0.01265656762921,10.9,11.01,-0.0195509050055857
"698",-0.0195509050055857,-0.00799167966012773,-0.031368874375035,10.64,10.9,-0.00695552915208788
"699",-0.00695552915208788,-0.0195509050055857,-0.00799167966012773,10.55,10.64,0.00132877608401758
"700",0.00132877608401758,-0.00695552915208788,-0.0195509050055857,10.53,10.55,0.00509990712075412
"701",0.00509990712075412,0.00132877608401758,-0.00695552915208788,10.57,10.53,-0.0287784102697958
"702",-0.0287784102697958,0.00509990712075412,0.00132877608401758,10.27,10.57,-0.0196954599816727
"703",-0.0196954599816727,-0.0287784102697958,0.00509990712075412,10.07,10.27,-0.0302395873582561
"704",0.00172066508886379,-0.0302395873582561,-0.0196954599816727,9.77,9.77,-0.00891444565212565
"705",-0.00891444565212565,0.00172066508886379,-0.0302395873582561,9.68,9.77,-0.0428178761718278
"706",-0.0428178761718278,-0.00891444565212565,0.00172066508886379,9.24,9.68,-0.018195392319602
"707",-0.018195392319602,-0.0428178761718278,-0.00891444565212565,9.05,9.24,-0.00582319599844618
"708",-0.00582319599844618,-0.018195392319602,-0.0428178761718278,8.95,9.05,0.0388410712704284
"709",0.0454291126794662,0.0388410712704284,-0.00582319599844618,9.63,9.26,-0.0014602366338571
"710",-0.00884765360264153,-0.0014602366338571,0.0454291126794662,9.43,9.55,0.0627376521052954
"711",0.0627376521052954,-0.00884765360264153,-0.0014602366338571,10.02,9.43,-0.00402342048450679
"712",-0.00402342048450679,0.0627376521052954,-0.00884765360264153,9.94,10.02,-0.0363000609240495
"713",0.0106503571126756,-0.0643560869121353,-0.0363000609240495,9.01,8.93,0.032749183521002
"714",0.032749183521002,0.0106503571126756,-0.0643560869121353,9.26,9.01,-0.0189777256384297
"715",-0.0189777256384297,0.032749183521002,0.0106503571126756,9,9.26,0.0148345981498893
"716",0.0148345981498893,-0.0189777256384297,0.032749183521002,9.07,9,0.0157596183649381
"717",0.0157596183649381,0.0148345981498893,-0.0189777256384297,9.13,9.07,-0.0275096112413492
"718",-0.0275096112413492,0.0157596183649381,0.0148345981498893,8.79,9.13,0.0155373481562303
"719",0.00576139339549195,0.0155373481562303,-0.0275096112413492,8.83,8.85,0.0407246446557449
"720",-0.0425077565794759,0.00708780494056347,0.0407246446557449,8.68,9.11,-0.0117083766538907
"721",-0.0117083766538907,-0.0425077565794759,0.00708780494056347,8.52,8.68,0.0347521227549087
"722",0.0347521227549087,-0.0117083766538907,-0.0425077565794759,8.75,8.52,0.0243278153969176
"723",0.0348851124341848,0.0243278153969176,0.0347521227549087,9.05,8.85,-0.100461729883029
"724",-0.020393550131362,-0.100461729883029,0.0348851124341848,7.84,8.08,0.0405971754482001
"725",0.0405971754482001,-0.020393550131362,-0.100461729883029,8.1,7.84,0.0580747996337899
"726",0.0199777316150361,0.0263940499021765,0.0403524609162026,9.2,9.07,0.0248060011223866
"727",0.0373514165818484,0.0248060011223866,0.0199777316150361,9.65,9.36,-0.020368509485026
"728",-0.020368509485026,0.0373514165818484,0.0248060011223866,9.39,9.65,-0.00777577010305732
"729",-0.00777577010305732,-0.020368509485026,0.0373514165818484,9.26,9.39,-0.0392221574503998
"730",0.0326779463659213,-0.0392221574503998,-0.00777577010305732,9.08,8.83,0.00494524949825346
"731",-0.0243172398243202,0.00494524949825346,0.0326779463659213,8.82,9.09,0.000522041887167734
"732",0.000522041887167734,-0.0243172398243202,0.00494524949825346,8.77,8.82,-0.0285081937528203
"733",-0.0285081937528203,0.000522041887167734,-0.0243172398243202,8.45,8.77,-0.00015793441892944
"734",-0.00015793441892944,-0.0285081937528203,0.000522041887167734,8.4,8.45,-0.0952524334183397
"735",-0.0952524334183397,-0.00015793441892944,-0.0285081937528203,7.58,8.4,0.00857649421250093
"736",0.00857649421250093,-0.0952524334183397,-0.00015793441892944,7.65,7.58,0.0215239104061339
"737",0.0215239104061339,0.00857649421250093,-0.0952524334183397,7.81,7.65,0.0032729231939995
"738",-0.0579560250755725,0.0032729231939995,0.0215239104061339,7.39,7.83,-0.0281833531496422
"739",-0.0281833531496422,-0.0579560250755725,0.0032729231939995,7.18,7.39,-0.0368714691656179
"740",-0.0368714691656179,-0.0281833531496422,-0.0579560250755725,6.95,7.18,0.0444228647269283
"741",0.0444228647269283,-0.0368714691656179,-0.0281833531496422,7.26,6.95,-0.00316394471178763
"742",-0.0633065885006595,-0.00316394471178763,0.0444228647269283,6.69,7.19,-0.00676189777781113
"743",-0.00676189777781113,-0.0633065885006595,-0.00316394471178763,6.64,6.69,-0.00128494319120245
"744",0.0358636985925776,0.0767731507754298,0.105521582312534,8.35,8,0.00534601742667027
"745",0.0305235469688948,0.00534601742667027,0.0358636985925776,8.76,8.47,0.0131532299160836
"746",0.0131532299160836,0.0305235469688948,0.00534601742667027,8.91,8.76,0.0301278729368049
"747",0.0301278729368049,0.0131532299160836,0.0305235469688948,9.23,8.91,0.0334486638827586
"748",0.0334486638827586,0.0301278729368049,0.0131532299160836,9.53,9.23,0.0357580836425458
"749",0.0357580836425458,0.0334486638827586,0.0301278729368049,9.87,9.53,0.00989510980655615
"750",0.00989510980655615,0.0357580836425458,0.0334486638827586,10,9.87,-0.000424136454859525
"751",-0.000424136454859525,0.00989510980655615,0.0357580836425458,10.01,10,-0.0319548051736848
"752",-0.0319548051736848,-0.000424136454859525,0.00989510980655615,9.73,10.01,0.025104852438517
"753",0.025104852438517,-0.0319548051736848,-0.000424136454859525,9.98,9.73,-0.00103745230594479
"754",-0.019043228226792,-0.00103745230594479,0.025104852438517,9.85,10,-0.00887779894930487
"755",-0.00887779894930487,-0.019043228226792,-0.00103745230594479,9.82,9.85,0.00806862528052141
"756",0.00806862528052141,-0.00887779894930487,-0.019043228226792,9.89,9.82,-0.0602631388073823
"757",-0.0602631388073823,0.00806862528052141,-0.00887779894930487,9.32,9.89,-0.00338789456543678
"758",-0.00275357904403064,-0.00338789456543678,-0.0602631388073823,9.31,9.33,-0.0103888143515833
"759",-0.0103888143515833,-0.00275357904403064,-0.00338789456543678,9.23,9.31,-0.026626901377571
"760",-0.026626901377571,-0.0103888143515833,-0.00275357904403064,9.01,9.23,-0.017172853869451
"761",0.0803371928588793,-0.017172853869451,-0.026626901377571,9.62,8.87,0.00626411351266229
"762",0.00626411351266229,0.0803371928588793,-0.017172853869451,9.69,9.62,-0.0118808196283843
"763",-0.0118808196283843,0.00626411351266229,0.0803371928588793,9.6,9.69,0.00503734823900368
"764",0.00503734823900368,-0.0118808196283843,0.00626411351266229,9.69,9.6,-0.0149062364779623
"765",-0.0149062364779623,0.00503734823900368,-0.0118808196283843,9.6,9.69,0.0382321963639286
"766",0.0487547848628812,0.0382321963639286,-0.0149062364779623,10.49,10,-0.0123498632610612
"767",-0.0123498632610612,0.0487547848628812,0.0382321963639286,10.37,10.49,0.00264327087368263
"768",0.00264327087368263,-0.0123498632610612,0.0487547848628812,10.4,10.37,0.0195070769256872
"769",0.0195070769256872,0.00264327087368263,-0.0123498632610612,10.61,10.4,0.0173792156298785
"770",0.0173792156298785,0.0195070769256872,0.00264327087368263,10.81,10.61,0.0148549587358683
"771",-0.0260831385492394,0.0148549587358683,0.0173792156298785,10.74,11,-0.0265807679085811
"772",-0.0265807679085811,-0.0260831385492394,0.0148549587358683,10.47,10.74,0.0073188561194276
"773",0.0073188561194276,-0.0265807679085811,-0.0260831385492394,10.55,10.47,0.0548937990137031
"774",0.0444050146160509,0.0548937990137031,0.0073188561194276,11.69,11.16,0.000308716254627672
"775",0.0531096714507272,0.0483739711757539,0.000308716254627672,13.19,12.39,0.0202176134106048
"776",-0.00192478382758567,0.0202176134106048,0.0531096714507272,13.56,13.55,0.0240892204515407
"777",0.0157628804143376,-0.0250334621030674,0.0240892204515407,13.89,13.62,-0.0317512469245375
"778",-0.0317512469245375,0.0157628804143376,-0.0250334621030674,13.47,13.89,-0.00780732241363582
"779",-0.00780732241363582,-0.0317512469245375,0.0157628804143376,13.43,13.47,0.0278963878739927
"780",0.0278963878739927,-0.00780732241363582,-0.0317512469245375,13.87,13.43,0.010155468058037
"781",0.010155468058037,0.0278963878739927,-0.00780732241363582,14.09,13.87,0.0579726517372362
"782",0.0579726517372362,0.010155468058037,0.0278963878739927,14.92,14.09,0.0561340623273373
"783",0.0561340623273373,0.0579726517372362,0.010155468058037,15.82,14.92,0.0364425120772066
"784",0.0364425120772066,0.0561340623273373,0.0579726517372362,16.43,15.82,-0.0150238751743287
"785",-0.0150238751743287,0.0364425120772066,0.0561340623273373,16.2,16.43,-0.00471498344429557
"786",-0.00471498344429557,-0.0150238751743287,0.0364425120772066,16.16,16.2,0.0376422166855877
"787",0.0376422166855877,-0.00471498344429557,-0.0150238751743287,16.83,16.16,0.0244331194295012
"788",0.0244331194295012,0.0376422166855877,-0.00471498344429557,17.31,16.83,0.05635457115263
"789",0.05635457115263,0.0244331194295012,0.0376422166855877,18.33,17.31,-0.0370460168047559
"790",-0.0370460168047559,0.05635457115263,0.0244331194295012,17.68,18.33,-0.132770008004891
"791",-0.132770008004891,-0.0370460168047559,0.05635457115263,15.53,17.68,-0.138268843842686
"792",-0.138268843842686,-0.132770008004891,-0.0370460168047559,13.59,15.53,-0.0204846975385794
"793",-0.0204846975385794,-0.138268843842686,-0.132770008004891,13.39,13.59,0.0346385665497576
"794",0.0258647657151424,0.0346385665497576,-0.0204846975385794,14.3,13.9,0.0249973255566927
"795",0.0249973255566927,0.0258647657151424,0.0346385665497576,14.67,14.3,-0.0157593113815792
"796",-0.0157593113815792,0.0249973255566927,0.0258647657151424,14.43,14.67,-0.0290873891477225
"797",-0.0290873891477225,-0.0157593113815792,0.0249973255566927,14.03,14.43,0.0514197829302693
"798",0.0514197829302693,-0.0290873891477225,-0.0157593113815792,14.77,14.03,-0.00995155937190253
"799",-0.00995155937190253,0.0514197829302693,-0.0290873891477225,14.61,14.77,-0.024294384858126
"800",0.0304501068853674,0.0121514666671088,-0.024294384858126,14.81,14.37,-0.0273651074855365
"801",-0.0273651074855365,0.0304501068853674,0.0121514666671088,14.45,14.81,0.0160685795981817
"802",0.0160685795981817,-0.0273651074855365,0.0304501068853674,14.7,14.45,0.0276574635958396
"803",0.0276574635958396,0.0160685795981817,-0.0273651074855365,15.09,14.7,0.0256646418114387
"804",0.0256646418114387,0.0276574635958396,0.0160685795981817,15.47,15.09,-0.00845499412534769
"805",-0.00845499412534769,0.0256646418114387,0.0276574635958396,15.3,15.47,0.0282482876030655
"806",0.0282482876030655,-0.00845499412534769,0.0256646418114387,15.69,15.3,0.0336311415779883
"807",0.0336311415779883,0.0282482876030655,-0.00845499412534769,16.19,15.69,0.026719276599784
"808",0.026719276599784,0.0336311415779883,0.0282482876030655,16.64,16.19,0.0209931373092235
"809",0.0209931373092235,0.026719276599784,0.0336311415779883,17.01,16.64,0.0393142380710697
"810",0.0393142380710697,0.0209931373092235,0.026719276599784,17.73,17.01,-0.00200583801598411
"811",-0.00373552642753063,-0.00200583801598411,0.0393142380710697,17.64,17.71,-0.0249665943297498
"812",-0.0249665943297498,-0.00373552642753063,-0.00200583801598411,17.24,17.64,0.0203680326396523
"813",0.0203680326396523,-0.0249665943297498,-0.00373552642753063,17.65,17.24,-0.0290911751473003
"814",-0.0290911751473003,0.0203680326396523,-0.0249665943297498,17.05,17.65,-0.032425436991172
"815",0.0199271345789712,-0.032425436991172,-0.0290911751473003,16.83,16.51,-0.00485103935416289
"816",-0.00485103935416289,0.0199271345789712,-0.032425436991172,16.81,16.83,0.0310454666223264
"817",0.0245161726997703,0.0310454666223264,-0.00485103935416289,17.82,17.39,-0.00502283757444113
"818",-0.00502283757444113,0.0245161726997703,0.0310454666223264,17.75,17.82,-0.088847978800901
"819",-0.088847978800901,-0.00502283757444113,0.0245161726997703,16.17,17.75,-0.0515128436828006
"820",-0.0515128436828006,-0.088847978800901,-0.00502283757444113,15.3,16.17,-0.0306582495887361
"821",-0.0306582495887361,-0.0515128436828006,-0.088847978800901,14.82,15.3,0.0222308790448117
"822",0.0222308790448117,-0.0306582495887361,-0.0515128436828006,15.19,14.82,0.0377813127856071
"823",0.0377813127856071,0.0222308790448117,-0.0306582495887361,15.85,15.19,-0.0139892647659926
"824",-0.0139892647659926,0.0377813127856071,0.0222308790448117,15.61,15.85,0.103007026369775
"825",0.103007026369775,-0.0139892647659926,0.0377813127856071,17.35,15.61,0.0232606527682329
"826",0.0232606527682329,0.103007026369775,-0.0139892647659926,17.82,17.35,0.0156591128854365
"827",0.0156591128854365,0.0232606527682329,0.103007026369775,18.16,17.82,-0.00848447292876733
"828",-0.00848447292876733,0.0156591128854365,0.0232606527682329,18.04,18.16,-0.00323006348515422
"829",-0.00323006348515422,-0.00848447292876733,0.0156591128854365,18.02,18.04,0.00109181505340681
"830",0.00109181505340681,-0.00323006348515422,-0.00848447292876733,18.1,18.02,0.0198073396731334
"831",0.0198073396731334,0.00109181505340681,-0.00323006348515422,18.51,18.1,-0.00968915802018424
"832",-0.00968915802018424,0.0198073396731334,0.00109181505340681,18.36,18.51,-0.00485020846050057
"833",-0.00485020846050057,-0.00968915802018424,0.0198073396731334,18.35,18.36,-0.00650789381216823
"834",-0.00650789381216823,-0.00485020846050057,-0.00968915802018424,18.29,18.35,0.00266539491889981
"835",0.00266539491889981,-0.00650789381216823,-0.00485020846050057,18.44,18.29,0.0645352194781373
"836",0.0645352194781373,0.00266539491889981,-0.00650789381216823,19.77,18.44,-0.0125193202066204
"837",-0.0125193202066204,0.0645352194781373,0.00266539491889981,19.58,19.77,-0.0167077548581681
"838",-0.0199152843128071,0.0139771141918353,-0.00390068646125465,19.32,19.66,0.0124468541762016
"839",0.0124468541762016,-0.0199152843128071,0.0139771141918353,19.62,19.32,0.00289153900069214
"840",0.00289153900069214,0.0124468541762016,-0.0199152843128071,19.72,19.62,-0.00270827580839486
"841",-0.00270827580839486,0.00289153900069214,0.0124468541762016,19.71,19.72,-0.0184163137721266
"842",-0.0184163137721266,-0.00270827580839486,0.00289153900069214,19.37,19.71,0.02073423064122
"843",0.02073423064122,-0.0184163137721266,-0.00270827580839486,19.83,19.37,0.0257989368225165
"844",0.0257989368225165,0.02073423064122,-0.0184163137721266,20.45,19.83,-0.00496500770255706
"845",-0.00496500770255706,0.0257989368225165,0.02073423064122,20.32,20.45,0.0107328711285391
"846",0.0107328711285391,-0.00496500770255706,0.0257989368225165,20.55,20.32,0.0149487360380355
"847",0.0149487360380355,0.0107328711285391,-0.00496500770255706,20.86,20.55,-0.0198761549607979
"848",0.000862161036532338,-0.0198761549607979,0.0149487360380355,20.52,20.46,0.00226780936450508
"849",0.00226780936450508,0.000862161036532338,-0.0198761549607979,20.61,20.52,-0.00574341867477903
"850",-0.00574341867477903,0.00226780936450508,0.000862161036532338,20.57,20.61,0.0111529263521569
"851",0.0111529263521569,-0.00574341867477903,0.00226780936450508,20.81,20.57,0.0071660280759299
"852",0.00607264204757927,0.0071660280759299,0.0111529263521569,21.11,20.99,-0.00620298737632554
"853",-0.00620298737632554,0.00607264204757927,0.0071660280759299,21.04,21.11,0.00256546688127921
"854",0.00256546688127921,-0.00620298737632554,0.00607264204757927,21.17,21.04,0.0109724939032248
"855",0.0109724939032248,0.00256546688127921,-0.00620298737632554,21.41,21.17,-0.00700890816100133
"856",-0.00700890816100133,0.0109724939032248,0.00256546688127921,21.26,21.41,-0.0206371938207325
"857",-0.0206371938207325,-0.00700890816100133,0.0109724939032248,20.83,21.26,-0.0404254024216176
"858",-0.0404254024216176,-0.0206371938207325,-0.00700890816100133,20.06,20.83,0.00414916127296658
"859",0.00414916127296658,-0.0404254024216176,-0.0206371938207325,20.2,20.06,0.00465471685005445
"860",0.00465471685005445,0.00414916127296658,-0.0404254024216176,20.29,20.2,-0.0115932788626711
"861",-0.0115932788626711,0.00465471685005445,0.00414916127296658,20.07,20.29,0.0240243750144105
"862",0.00181852052867546,0.0240243750144105,-0.0115932788626711,20.58,20.54,-0.0107920357733659
"863",-0.0107920357733659,0.00181852052867546,0.0240243750144105,20.4,20.58,-0.0100786713558322
"864",-0.016728241014598,-0.0100786713558322,-0.0107920357733659,19.91,20.21,0.0178365608325938
"865",0.0311798091646073,0.0178365608325938,-0.016728241014598,20.8,20.22,0.019011841744022
"866",0.019011841744022,0.0311798091646073,0.0178365608325938,21.15,20.8,0.0254674586440063
"867",0.0254674586440063,0.019011841744022,0.0311798091646073,21.64,21.15,0.0268013361345575
"868",-0.000906479010011641,0.0288411609802433,0.0252122671893514,23.28,23.38,0.0305355077935872
"869",0.0305355077935872,-0.000906479010011641,0.0288411609802433,23.95,23.28,0.00312137314221159
"870",0.00312137314221159,0.0305355077935872,-0.000906479010011641,23.93,23.95,0.017378389210185
"871",0.017378389210185,0.00312137314221159,0.0305355077935872,24.35,23.93,0.0274476504247333
"872",-0.0042675233669466,0.0274476504247333,0.017378389210185,24.76,25.03,0.0515622661780873
"873",0.0515622661780873,-0.0042675233669466,0.0274476504247333,25.98,24.76,-0.00783336023169658
"874",-0.00783336023169658,0.0515622661780873,-0.0042675233669466,25.63,25.98,-0.00386888963984324
"875",0.0174693053368423,-0.00386888963984324,-0.00783336023169658,25.81,25.43,0.00691123908908606
"876",-0.0412524011769219,0.00691123908908606,0.0174693053368423,24.86,25.97,0.0244613827362469
"877",0.0142192577355661,0.0244613827362469,-0.0412524011769219,25.68,25.41,0.0346055594718663
"878",0.0435943508846802,0.0346055594718663,0.0142192577355661,27.59,26.48,0.0062273927777313
"879",0.0062273927777313,0.0435943508846802,0.0346055594718663,27.72,27.59,0.0264134524083711
"880",0.0264134524083711,0.0062273927777313,0.0435943508846802,28.33,27.72,0.0371044446131227
"881",-0.0118572287401086,0.0371044446131227,0.0264134524083711,28.8,29.27,-0.0403106501653951
"882",-0.0403106501653951,-0.0118572287401086,0.0371044446131227,27.59,28.8,0.0826420971311502
"883",0.0826420971311502,-0.0403106501653951,-0.0118572287401086,29.93,27.59,0.0465319863472776
"884",0.0465319863472776,0.0826420971311502,-0.0403106501653951,31.26,29.93,0.0503866950266732
"885",0.0503866950266732,0.0465319863472776,0.0826420971311502,32.77,31.26,-0.0019181906418603
"886",-0.0019181906418603,0.0503866950266732,0.0465319863472776,32.59,32.77,0.00646877450981007
"887",0.00646877450981007,-0.0019181906418603,0.0503866950266732,32.67,32.59,0.0109542451353804
"888",-0.0169754342715168,0.0109542451353804,0.00646877450981007,32.34,32.9,0.0206452930595909
"889",0.0465355312349552,0.0567672729091592,-0.00299523887315347,36.3,34.71,0.028295075439691
"890",0.028295075439691,0.0465355312349552,0.0567672729091592,37.28,36.3,-0.00742787838451156
"891",-0.00742787838451156,0.028295075439691,0.0465355312349552,36.96,37.28,-0.00405048640355412
"892",-0.00405048640355412,-0.00742787838451156,0.028295075439691,36.8,36.96,0.0385354420927469
"893",0.0385354420927469,-0.00405048640355412,-0.00742787838451156,38.26,36.8,-0.077523684298244
"894",0.0989292862351371,0.00750068774483834,-0.0555606496887896,37.37,33.77,0.035065206102476
"895",0.0441403233364009,0.035065206102476,0.0989292862351371,40.58,38.82,-0.00577868572767928
"896",0.0237288906057796,-0.00577868572767928,0.0441403233364009,41.36,40.4,0.0365719672097927
"897",0.0365719672097927,0.0237288906057796,-0.00577868572767928,42.71,41.36,-0.00604079760439449
"898",-0.00604079760439449,0.0365719672097927,0.0237288906057796,42.56,42.71,-0.0111958525554109
"899",-0.0111958525554109,-0.00604079760439449,0.0365719672097927,42.18,42.56,0.0392155215678055
"900",-0.0435341126069292,0.0392155215678055,-0.0111958525554109,41.93,43.83,-0.011068950562679
"901",-0.0178958748096355,-0.011068950562679,-0.0435341126069292,40.55,41.32,0.0636275357112011
"902",0.0636275357112011,-0.0178958748096355,-0.011068950562679,43.21,40.55,0.022704607625066
"903",0.022704607625066,0.0636275357112011,-0.0178958748096355,44.2,43.21,-0.00618859841592814
"904",-0.00618859841592814,0.022704607625066,0.0636275357112011,43.77,44.2,-0.0301187167244094
"905",-0.0301187167244094,-0.00618859841592814,0.022704607625066,42.19,43.77,0.0336627719634822
"906",0.0336627719634822,-0.0301187167244094,-0.00618859841592814,43.22,42.19,0.00916742917424083
"907",0.00916742917424083,0.0336627719634822,-0.0301187167244094,43.53,43.22,-0.033805053704202
"908",-0.033805053704202,0.00916742917424083,0.0336627719634822,41.97,43.53,0.0261687049210765
"909",0.0261687049210765,-0.033805053704202,0.00916742917424083,42.78,41.97,0.00349971582380713
"910",0.00349971582380713,0.0261687049210765,-0.033805053704202,42.76,42.78,0.00439993063236885
"911",0.00439993063236885,0.00349971582380713,0.0261687049210765,42.87,42.76,-0.015812919524075
"912",-0.015812919524075,0.00439993063236885,0.00349971582380713,41.9,42.87,-0.0585539485471073
"913",-0.0585539485471073,-0.015812919524075,0.00439993063236885,39.37,41.9,-0.0127656822333345
"914",-0.0388076742369775,-0.0127656822333345,-0.0585539485471073,37.28,38.78,-0.000498275828394146
"915",-0.0266489228002501,-0.000498275828394146,-0.0388076742369775,35.84,36.98,-0.100341191790012
"916",-0.100341191790012,-0.0266489228002501,-0.000498275828394146,32.33,35.84,-0.000664393211067616
"917",-0.0292611015816719,0.0614659318356204,-0.000664393211067616,33.07,34.08,-0.032070904798906
"918",-0.032070904798906,-0.0292611015816719,0.0614659318356204,32.16,33.07,-0.0258040083012262
"919",-0.0258040083012262,-0.032070904798906,-0.0292611015816719,31.4,32.16,-0.124593535422369
"920",-0.00815446428264357,0.00938567250281439,0.0441123476936075,30.28,30.5,-0.0393167911597149
"921",-0.0393167911597149,-0.00815446428264357,0.00938567250281439,29.09,30.28,0.0431096700124033
"922",0.0431096700124033,-0.0393167911597149,-0.00815446428264357,30.29,29.09,-0.0409783520675616
"923",-0.0409783520675616,0.0431096700124033,-0.0393167911597149,29.01,30.29,-0.033854309237748
"924",-0.033854309237748,-0.0409783520675616,0.0431096700124033,28.13,29.01,-0.0663671470976003
"925",-0.0663671470976003,-0.033854309237748,-0.0409783520675616,26.39,28.13,-0.119325610618127
"926",-0.119325610618127,-0.0663671470976003,-0.033854309237748,23.46,26.39,0.00584374030264909
"927",0.00584374030264909,-0.119325610618127,-0.0663671470976003,23.59,23.46,-0.0542935022701928
"928",-0.0542935022701928,0.00584374030264909,-0.119325610618127,22.36,23.59,-0.019327590438773
"929",-0.0159078570605605,0.0586756262546571,-0.019327590438773,23.1,23.34,-0.00774483178311138
"930",0.0459679862186705,0.00738043069450986,-0.0719253339440273,22.42,21.31,0.0462941500139263
"931",0.0462941500139263,0.0459679862186705,0.00738043069450986,23.59,22.42,0.0500865367416719
"932",0.0500865367416719,0.0462941500139263,0.0459679862186705,24.83,23.59,0.000561195783858803
"933",0.000561195783858803,0.0500865367416719,0.0462941500139263,24.86,24.83,-0.00706065157511473
"934",0.00667268796304041,0.0147219356848175,0.0257552324938911,25.94,25.68,0.0248351161918007
"935",0.042868359563693,0.0248351161918007,0.00667268796304041,27.65,26.63,0.00550263710513574
"936",0.00550263710513574,0.042868359563693,0.0248351161918007,27.65,27.65,-0.0211187586185292
"937",-0.0211187586185292,0.00550263710513574,0.042868359563693,26.88,27.65,0.00428729388556635
"938",-0.0313758282251112,0.00428729388556635,-0.0211187586185292,25.9,26.9,0.0227994477665555
"939",0.0227994477665555,-0.0313758282251112,0.00428729388556635,26.4,25.9,-0.0280662830513298
"940",-0.0280662830513298,0.0227994477665555,-0.0313758282251112,25.69,26.4,-0.0194329445028733
"941",-0.0194329445028733,-0.0280662830513298,0.0227994477665555,25.17,25.69,0.0220090474918236
"942",-0.00442612847743886,0.0220090474918236,-0.0194329445028733,25.41,25.66,0.0412394287709895
"943",0.0412394287709895,-0.00442612847743886,0.0220090474918236,26.46,25.41,0.0215422309264489
"944",-0.0189777867598061,0.0215422309264489,0.0412394287709895,26.58,27.14,0.0112811150428414
"945",0.0112811150428414,-0.0189777867598061,0.0215422309264489,26.74,26.58,-0.00797409652706174
"946",-0.00797409652706174,0.0112811150428414,-0.0189777867598061,26.33,26.74,-0.0298542234584919
"947",-0.0298542234584919,-0.00797409652706174,0.0112811150428414,25.4,26.33,0.00780063060296863
"948",0.00780063060296863,-0.0298542234584919,-0.00797409652706174,25.64,25.4,0.0161156327040662
"949",0.0124670191507708,0.0161156327040662,0.00780063060296863,26.28,26.06,-0.00236391329599774
"950",-0.00236391329599774,0.0124670191507708,0.0161156327040662,26.1,26.28,-0.00267658595378064
"951",-0.00267658595378064,-0.00236391329599774,0.0124670191507708,25.72,26.1,-0.0321159919815263
"952",-0.0321159919815263,-0.00267658595378064,-0.00236391329599774,24.87,25.72,0.0333657279198319
"953",0.0333657279198319,-0.0321159919815263,-0.00267658595378064,25.92,24.87,0.0157416501706678
"954",0.00909074731053581,0.0157416501706678,0.0333657279198319,26.46,26.43,-0.00565135876324776
"955",0.00927436843962068,-0.00565135876324776,0.00909074731053581,26.32,26.24,0.00247143460186914
"956",0.00247143460186914,0.00927436843962068,-0.00565135876324776,26.14,26.32,-0.0134055538224337
"957",-0.0134055538224337,0.00247143460186914,0.00927436843962068,25.64,26.14,-0.0329970496735469
"958",-0.0329970496735469,-0.0134055538224337,0.00247143460186914,24.74,25.64,0.00160241743859055
"959",0.00160241743859055,-0.0329970496735469,-0.0134055538224337,24.69,24.74,0.0171048724390196
"960",0.0171048724390196,0.00160241743859055,-0.0329970496735469,25.04,24.69,0.0194642556079271
"961",0.0300253421135804,0.0194642556079271,0.0171048724390196,26.53,25.63,0.0143345197996664
"962",0.0143345197996664,0.0300253421135804,0.0194642556079271,26.92,26.53,0.0157842900626158
"963",0.00142618428305772,0.0157842900626158,0.0143345197996664,27.2,27.27,0.0103653169675929
"964",0.0103653169675929,0.00142618428305772,0.0157842900626158,27.31,27.2,-0.0305700832669799
"965",-0.0305700832669799,0.0103653169675929,0.00142618428305772,26.22,27.31,0.0354788222783925
"966",0.0354788222783925,-0.0305700832669799,0.0103653169675929,26.97,26.22,0.0279144287245892
"967",0.0279144287245892,0.0354788222783925,-0.0305700832669799,27.54,26.97,-0.00200711083675555
"968",-0.00200711083675555,0.0279144287245892,0.0354788222783925,27.41,27.54,0.000273268059275278
"969",0.000273268059275278,-0.00200711083675555,0.0279144287245892,27.4,27.41,-0.048456053417972
"970",-0.048456053417972,0.000273268059275278,-0.00200711083675555,26.14,27.4,0.0247751439327849
"971",0.0247751439327849,-0.048456053417972,0.000273268059275278,26.72,26.14,0.023994929799466
"972",0.023994929799466,0.0247751439327849,-0.048456053417972,27.31,26.72,-0.0548293712711682
"973",0.0067358392941542,-0.0548293712711682,0.023994929799466,25.95,25.72,-0.0743537978001631
"974",-0.0743537978001631,0.0067358392941542,-0.0548293712711682,24.01,25.95,-0.0215024562206628
"975",-0.0324180656173504,-0.0215024562206628,-0.0743537978001631,22.6,23.49,0.0358194625785951
"976",0.0358194625785951,-0.0324180656173504,-0.0215024562206628,23.35,22.6,0.0195924284855052
"977",0.0195924284855052,0.0358194625785951,-0.0324180656173504,23.69,23.35,-0.049191001191632
"978",-0.049191001191632,0.0195924284855052,0.0358194625785951,22.41,23.69,-0.0686350104611585
"979",-0.0556835484391004,0.0149940110110141,-0.0686350104611585,20.36,21.39,-0.232068235754808
"980",-0.0967111130321977,-0.232068235754808,-0.0556835484391004,15.25,16.38,-0.0102485911048377
"981",-0.0102485911048377,-0.0967111130321977,-0.232068235754808,15.37,15.25,-0.0177689470905261
"982",-0.076295272053624,-0.0177689470905261,-0.0102485911048377,14.12,15.17,-0.065616402171587
"983",-0.065616402171587,-0.076295272053624,-0.0177689470905261,13.32,14.12,0.109499117248581
"984",0.0579880348164395,0.109499117248581,-0.065616402171587,15.99,14.98,0.0219114331558129
"985",0.0219114331558129,0.0579880348164395,0.109499117248581,16.38,15.99,0.00639591392428516
"986",0.00639591392428516,0.0219114331558129,0.0579880348164395,16.69,16.38,0.0719916765881755
"987",0.0719916765881755,0.00639591392428516,0.0219114331558129,18.09,16.69,0.0298797817960797
"988",0.0298797817960797,0.0719916765881755,0.00639591392428516,18.83,18.09,0.0178597466458755
"989",0.0178597466458755,0.0298797817960797,0.0719916765881755,19.35,18.83,0.0149127263216188
"990",0.0149127263216188,0.0178597466458755,0.0298797817960797,19.81,19.35,0.0162733939968805
"991",0.0162733939968805,0.0149127263216188,0.0178597466458755,20.32,19.81,0.00779429659540751
"992",-0.0351366797033687,0.00779429659540751,0.0162733939968805,19.91,20.52,0.0521127866832281
"993",0.0521127866832281,-0.0351366797033687,0.00779429659540751,21,19.91,0.0345193412582675
"994",0.0345193412582675,0.0521127866832281,-0.0351366797033687,21.8,21,-0.0662727787693402
"995",-0.0662727787693402,0.0345193412582675,0.0521127866832281,20.47,21.8,-0.0417924652968535
"996",-0.0417924652968535,-0.0662727787693402,0.0345193412582675,19.73,20.47,-0.00731490443765539
"997",0.0028799053783982,-0.00731490443765539,-0.0417924652968535,19.76,19.66,0.0274815206570019
"998",0.0274815206570019,0.0028799053783982,-0.00731490443765539,20.37,19.76,0.0391457388621817
"999",0.0190194430797953,0.0391457388621817,0.0274815206570019,21.69,21.23,0.0309249407895297
"1000",0.0309249407895297,0.0190194430797953,0.0391457388621817,22.39,21.69,0.0285369504611107
"1001",0.0285369504611107,0.0309249407895297,0.0190194430797953,22.97,22.39,0.0255515802653666
"1002",0.0255515802653666,0.0285369504611107,0.0309249407895297,23.48,22.97,-0.0166911223785505
"1003",0.0164780562929031,-0.0166911223785505,0.0255515802653666,23.14,22.89,0.00107056690360183
"1004",0.00107056690360183,0.0164780562929031,-0.0166911223785505,23.05,23.14,-0.0428918109866848
"1005",-0.0428918109866848,0.00107056690360183,0.0164780562929031,22.09,23.05,0.02499319144356
"1006",-0.115574922118426,0.02499319144356,-0.0428918109866848,20.04,22.6,-0.0137132627040674
"1007",0.0239822735819831,-0.0137132627040674,-0.115574922118426,20.15,19.69,0.011755740253654
"1008",0.011755740253654,0.0239822735819831,-0.0137132627040674,20.34,20.15,0.00966244424950089
"1009",0.04100167726258,0.00966244424950089,0.011755740253654,21.21,20.52,0.0351135986947072
"1010",0.0351135986947072,0.04100167726258,0.00966244424950089,21.79,21.21,0.0227860765431692
"1011",0.0227860765431692,0.0351135986947072,0.04100167726258,22.05,21.79,-0.00604815754617496
"1012",-0.0371385921315549,-0.00604815754617496,0.0227860765431692,20.93,21.77,-0.0173757156753717
"1013",-0.0173757156753717,-0.0371385921315549,-0.00604815754617496,20.54,20.93,0.0230348703483313
"1014",0.0275871485212856,0.0230348703483313,-0.0173757156753717,21.4,20.99,0.0240583862859084
"1015",-0.00791064060608973,0.0240583862859084,0.0275871485212856,21.57,21.78,-0.0346083990071512
"1016",-0.0346083990071512,-0.00791064060608973,0.0240583862859084,20.89,21.57,0.0157017291305853
